execution_number,client_id,status_response,body_response,elapsed_time,current_date
37,466e8688-1b23-45e6-ab94-d4599a85f97a,200,"{'rois': [[1437, 194, 1602, 604]], 'class_ids': [1], 'scores': [0.993463397026062]}",64.46261763572693,06_06_2022
12,394f53ff-aee5-4dbb-80ac-896b8cba6dfd,200,"{'rois': [[1437, 194, 1602, 604]], 'class_ids': [1], 'scores': [0.993463397026062]}",66.62622451782227,06_06_2022
381,63876597-0bcd-4d94-a0cb-b2d3a26ad40b,200,"{'rois': [[1437, 194, 1602, 604]], 'class_ids': [1], 'scores': [0.993463397026062]}",68.29432344436646,06_06_2022
227,ccde4127-d4e5-45b9-a337-f9bffd57e0c4,200,"{'rois': [[1437, 194, 1602, 604]], 'class_ids': [1], 'scores': [0.993463397026062]}",68.82280421257019,06_06_2022
22,08a7dcb5-8356-4e2f-8ff9-14815d49b538,200,"{'rois': [[1437, 194, 1602, 604]], 'class_ids': [1], 'scores': [0.993463397026062]}",70.81906461715698,06_06_2022
18,faf4f27f-85cc-45c0-bcb3-7e0a810c6d7d,200,"{'rois': [[1437, 194, 1602, 604]], 'class_ids': [1], 'scores': [0.993463397026062]}",73.13643145561218,06_06_2022
7,a63fd0c3-fbea-4227-89f3-24ca90aef408,200,"{'rois': [[1437, 194, 1602, 604]], 'class_ids': [1], 'scores': [0.993463397026062]}",73.76466798782349,06_06_2022
14,cd1fb6fa-4f64-40cc-8677-31597d0e7819,200,"{'rois': [[1437, 194, 1602, 604]], 'class_ids': [1], 'scores': [0.993463397026062]}",74.07580804824829,06_06_2022
21,87d6cab7-94bf-4f6a-b315-d5c1096acb0a,200,"{'rois': [[1437, 194, 1602, 604]], 'class_ids': [1], 'scores': [0.993463397026062]}",74.1332938671112,06_06_2022
6,54cc6d6d-9c48-4c4b-bcd5-ddc7cefde39f,200,"{'rois': [[1437, 194, 1602, 604]], 'class_ids': [1], 'scores': [0.993463397026062]}",74.40170478820801,06_06_2022
45,19f000cf-4fc7-4e30-ba30-cfe117a33d46,200,"{'rois': [[1437, 194, 1602, 604]], 'class_ids': [1], 'scores': [0.993463397026062]}",74.56024837493896,06_06_2022
17,9038f1c9-8837-4a3d-a5d8-1fbbffe071b7,200,"{'rois': [[1437, 194, 1602, 604]], 'class_ids': [1], 'scores': [0.993463397026062]}",74.8002758026123,06_06_2022
0,0aa5450d-9fd5-4f3e-89cc-e018d2d57511,200,"{'rois': [[1437, 194, 1602, 604]], 'class_ids': [1], 'scores': [0.993463397026062]}",74.90797758102417,06_06_2022
19,b992298a-11a7-48ec-a16d-c0c024932c78,200,"{'rois': [[1437, 194, 1602, 604]], 'class_ids': [1], 'scores': [0.993463397026062]}",74.94269394874573,06_06_2022
38,14ed2305-97a9-4050-87f1-0e8e5cdafd22,200,"{'rois': [[1437, 194, 1602, 604]], 'class_ids': [1], 'scores': [0.993463397026062]}",74.98089098930359,06_06_2022
23,21c6a496-1fc1-42e8-b779-698a9bd00f6f,200,"{'rois': [[1437, 194, 1602, 604]], 'class_ids': [1], 'scores': [0.993463397026062]}",75.12505316734314,06_06_2022
82,4d65e78a-2cd1-46ed-9114-7a0c9bdc02b5,200,"{'rois': [[1437, 194, 1602, 604]], 'class_ids': [1], 'scores': [0.993463397026062]}",75.2090322971344,06_06_2022
496,c59dc823-5eed-4f15-a020-042ef88a736c,200,"{'rois': [[1437, 194, 1602, 604]], 'class_ids': [1], 'scores': [0.993463397026062]}",74.56449580192566,06_06_2022
9,1f0abfd1-d5f9-45f4-9322-17de5d5e582a,200,"{'rois': [[1437, 194, 1602, 604]], 'class_ids': [1], 'scores': [0.993463397026062]}",75.46493673324585,06_06_2022
240,7e8a3158-57f8-4bca-a956-95fa8509109c,200,"{'rois': [[1437, 194, 1602, 604]], 'class_ids': [1], 'scores': [0.993463397026062]}",75.03348708152771,06_06_2022
115,c4ec1d21-3ceb-4286-b5ac-6d0966058852,200,"{'rois': [[1437, 194, 1602, 604]], 'class_ids': [1], 'scores': [0.993463397026062]}",75.47947645187378,06_06_2022
141,19b99815-6327-46f4-842f-d4d5d2b22524,200,"{'rois': [[1437, 194, 1602, 604]], 'class_ids': [1], 'scores': [0.993463397026062]}",75.57218098640442,06_06_2022
368,aebae609-b5db-4e8c-9a20-8aaf74088c49,200,"{'rois': [[1437, 194, 1602, 604]], 'class_ids': [1], 'scores': [0.993463397026062]}",75.20850539207458,06_06_2022
304,d1bd7a99-599a-46f5-b8ee-69ee01955a40,200,"{'rois': [[1437, 194, 1602, 604]], 'class_ids': [1], 'scores': [0.993463397026062]}",75.33273243904114,06_06_2022
53,440892e4-e9a9-44f0-aa23-67c3cc1a9b91,200,"{'rois': [[1437, 194, 1602, 604]], 'class_ids': [1], 'scores': [0.993463397026062]}",75.99072003364563,06_06_2022
347,26c01a69-4cc2-4d67-8908-8de3976bd4c1,200,"{'rois': [[1437, 194, 1602, 604]], 'class_ids': [1], 'scores': [0.993463397026062]}",75.45986843109131,06_06_2022
168,32985e2e-fd57-4f66-9c06-2424a4300d8e,200,"{'rois': [[1437, 194, 1602, 604]], 'class_ids': [1], 'scores': [0.993463397026062]}",75.76454520225525,06_06_2022
11,b1789bfc-d855-46e5-a9ed-024bd7794e2d,200,"{'rois': [[1437, 194, 1602, 604]], 'class_ids': [1], 'scores': [0.993463397026062]}",76.19795107841492,06_06_2022
51,d46c5b30-fa4b-4daf-ad84-a8b255bdd474,200,"{'rois': [[1437, 194, 1602, 604]], 'class_ids': [1], 'scores': [0.993463397026062]}",76.48964142799377,06_06_2022
13,3bdba0e7-2c6d-4ce4-aa19-163d8a40d47f,200,"{'rois': [[1437, 194, 1602, 604]], 'class_ids': [1], 'scores': [0.993463397026062]}",76.61982893943787,06_06_2022
20,585d4729-371b-4135-96b5-1fd30b221e01,200,"{'rois': [[1437, 194, 1602, 604]], 'class_ids': [1], 'scores': [0.993463397026062]}",76.61983752250671,06_06_2022
28,3081ed81-1046-4402-b4da-502c974b0270,200,"{'rois': [[1437, 194, 1602, 604]], 'class_ids': [1], 'scores': [0.993463397026062]}",76.7502748966217,06_06_2022
27,d15f7f65-cf01-442d-8d76-77145875d847,200,"{'rois': [[1437, 194, 1602, 604]], 'class_ids': [1], 'scores': [0.993463397026062]}",76.75484085083008,06_06_2022
217,5f166af9-dfdc-4c80-94ba-b36356715efd,200,"{'rois': [[1437, 194, 1602, 604]], 'class_ids': [1], 'scores': [0.993463397026062]}",76.44706201553345,06_06_2022
275,22e9a4f6-8ea4-4480-a1c0-7c14cae9d01a,200,"{'rois': [[1437, 194, 1602, 604]], 'class_ids': [1], 'scores': [0.993463397026062]}",76.69719314575195,06_06_2022
149,0e928e0a-0b66-4544-b4e9-5127b616d670,200,"{'rois': [[1437, 194, 1602, 604]], 'class_ids': [1], 'scores': [0.993463397026062]}",77.18445372581482,06_06_2022
367,0a1a04d8-68b6-4306-8988-8574769e77ac,200,"{'rois': [[1437, 194, 1602, 604]], 'class_ids': [1], 'scores': [0.993463397026062]}",76.78456473350525,06_06_2022
437,014aa238-9ed0-408c-914a-d5f97110dc31,200,"{'rois': [[1437, 194, 1602, 604]], 'class_ids': [1], 'scores': [0.993463397026062]}",76.76729083061218,06_06_2022
287,d8d9621d-6d42-4661-8208-fb8e6bf1e886,200,"{'rois': [[1437, 194, 1602, 604]], 'class_ids': [1], 'scores': [0.993463397026062]}",77.03006792068481,06_06_2022
338,0cc4a888-29ff-482d-abd3-ad622a1464fa,200,"{'rois': [[1437, 194, 1602, 604]], 'class_ids': [1], 'scores': [0.993463397026062]}",77.00425863265991,06_06_2022
470,bf9fc550-82ec-4e79-969d-a48f3ea9ba52,200,"{'rois': [[1437, 194, 1602, 604]], 'class_ids': [1], 'scores': [0.993463397026062]}",76.94975900650024,06_06_2022
79,6085dba5-6e71-454f-9d09-1d87e977c6cb,200,"{'rois': [[1437, 194, 1602, 604]], 'class_ids': [1], 'scores': [0.993463397026062]}",77.74379563331604,06_06_2022
370,28a79e6c-a6fc-4d32-9446-818d2922a5e0,200,"{'rois': [[1437, 194, 1602, 604]], 'class_ids': [1], 'scores': [0.993463397026062]}",77.16362380981445,06_06_2022
4,2fe2cb60-3906-445b-8a66-1de22c0e5b9a,200,"{'rois': [[1437, 194, 1602, 604]], 'class_ids': [1], 'scores': [0.993463397026062]}",77.89731812477112,06_06_2022
15,fb155547-b4b1-4e57-93d4-2242f4850dc0,200,"{'rois': [[1437, 194, 1602, 604]], 'class_ids': [1], 'scores': [0.993463397026062]}",77.93770241737366,06_06_2022
133,8e2d83fb-3c67-4daa-8473-7f247276a0c3,200,"{'rois': [[1437, 194, 1602, 604]], 'class_ids': [1], 'scores': [0.993463397026062]}",77.71116256713867,06_06_2022
5,7cc01361-08fe-468d-9dfa-0d547155e20b,200,"{'rois': [[1437, 194, 1602, 604]], 'class_ids': [1], 'scores': [0.993463397026062]}",78.11078405380249,06_06_2022
150,fb848c93-1fc8-4068-87fd-ff569fb37ce1,200,"{'rois': [[1437, 194, 1602, 604]], 'class_ids': [1], 'scores': [0.993463397026062]}",77.82519602775574,06_06_2022
3,ab33ad87-b059-49ff-838e-044a03d65720,200,"{'rois': [[1437, 194, 1602, 604]], 'class_ids': [1], 'scores': [0.993463397026062]}",78.15534234046936,06_06_2022
67,af025302-0a2f-4074-b194-68b71652535a,200,"{'rois': [[1437, 194, 1602, 604]], 'class_ids': [1], 'scores': [0.993463397026062]}",78.11383366584778,06_06_2022
44,c18c4d9f-3c30-412c-9de2-1514fb00f58b,200,"{'rois': [[1437, 194, 1602, 604]], 'class_ids': [1], 'scores': [0.993463397026062]}",78.18005180358887,06_06_2022
428,e85a1428-3d55-4d11-bc7f-7c1dede56698,200,"{'rois': [[1437, 194, 1602, 604]], 'class_ids': [1], 'scores': [0.993463397026062]}",77.6160180568695,06_06_2022
139,0f5ee817-5c7c-4d1f-af32-c5c6cde82c56,200,"{'rois': [[1437, 194, 1602, 604]], 'class_ids': [1], 'scores': [0.993463397026062]}",78.10831308364868,06_06_2022
314,82b4758d-9807-4477-a319-ea957ff048d2,200,"{'rois': [[1437, 194, 1602, 604]], 'class_ids': [1], 'scores': [0.993463397026062]}",77.84759879112244,06_06_2022
286,8cae10f2-76d2-4284-84c5-59ea4c3444c2,200,"{'rois': [[1437, 194, 1602, 604]], 'class_ids': [1], 'scores': [0.993463397026062]}",77.88913083076477,06_06_2022
419,7352ad32-b87b-4b4b-8618-e0440e1d32d5,200,"{'rois': [[1437, 194, 1602, 604]], 'class_ids': [1], 'scores': [0.993463397026062]}",77.75523972511292,06_06_2022
140,75a00ee1-69dc-4891-a233-dc42a75d2d61,200,"{'rois': [[1437, 194, 1602, 604]], 'class_ids': [1], 'scores': [0.993463397026062]}",78.33294105529785,06_06_2022
469,af5e7a8f-5f30-43bc-8289-bdf73834f683,200,"{'rois': [[1437, 194, 1602, 604]], 'class_ids': [1], 'scores': [0.993463397026062]}",77.90431475639343,06_06_2022
292,dbeb7e37-83e8-4a00-b890-f40e77751668,200,"{'rois': [[1437, 194, 1602, 604]], 'class_ids': [1], 'scores': [0.993463397026062]}",78.16754174232483,06_06_2022
472,666e143e-fdbe-4a81-a419-97781be96cb4,200,"{'rois': [[1437, 194, 1602, 604]], 'class_ids': [1], 'scores': [0.993463397026062]}",78.03896474838257,06_06_2022
57,b0d719ce-30a9-4849-83e0-ed95cc5bb456,200,"{'rois': [[1437, 194, 1602, 604]], 'class_ids': [1], 'scores': [0.993463397026062]}",78.81782078742981,06_06_2022
24,5cf7a461-c01b-4df7-995d-ded96b2cc6bc,200,"{'rois': [[1437, 194, 1602, 604]], 'class_ids': [1], 'scores': [0.993463397026062]}",78.9931709766388,06_06_2022
41,3bfb7664-e81f-424c-b7cf-b0c8a87e73e0,200,"{'rois': [[1437, 194, 1602, 604]], 'class_ids': [1], 'scores': [0.993463397026062]}",78.97516465187073,06_06_2022
98,b9490d79-ba2f-4e16-af1f-32a074f1bfdd,200,"{'rois': [[1437, 194, 1602, 604]], 'class_ids': [1], 'scores': [0.993463397026062]}",78.88742780685425,06_06_2022
151,7b62bdfd-22f6-48dc-abdc-53f2bc002a16,200,"{'rois': [[1437, 194, 1602, 604]], 'class_ids': [1], 'scores': [0.993463397026062]}",78.78997921943665,06_06_2022
47,9b37fc2d-10f8-4bae-ad96-d0d532810bba,200,"{'rois': [[1437, 194, 1602, 604]], 'class_ids': [1], 'scores': [0.993463397026062]}",79.08800292015076,06_06_2022
195,613ac97f-f0d9-46fb-89d2-15c926fb79df,200,"{'rois': [[1437, 194, 1602, 604]], 'class_ids': [1], 'scores': [0.993463397026062]}",78.66184496879578,06_06_2022
43,efa52a9b-0dee-4ad0-ba42-96b121d91105,200,"{'rois': [[1437, 194, 1602, 604]], 'class_ids': [1], 'scores': [0.993463397026062]}",79.15861868858337,06_06_2022
235,94fab952-7750-46a7-b7e4-244a5e07a571,200,"{'rois': [[1437, 194, 1602, 604]], 'class_ids': [1], 'scores': [0.993463397026062]}",78.64349794387817,06_06_2022
26,fe552e38-79fd-482c-a10b-f10c0e95b72c,200,"{'rois': [[1437, 194, 1602, 604]], 'class_ids': [1], 'scores': [0.993463397026062]}",79.26461410522461,06_06_2022
72,12a1d356-ec8a-4928-9bca-0513dcddeac8,200,"{'rois': [[1437, 194, 1602, 604]], 'class_ids': [1], 'scores': [0.993463397026062]}",79.26664686203003,06_06_2022
495,d0641b20-5001-471d-baea-35ddc428a761,200,"{'rois': [[1437, 194, 1602, 604]], 'class_ids': [1], 'scores': [0.993463397026062]}",78.50278520584106,06_06_2022
16,7c4f0e9d-4989-4b7d-bf52-65fdbf98462e,200,"{'rois': [[1437, 194, 1602, 604]], 'class_ids': [1], 'scores': [0.993463397026062]}",79.3518419265747,06_06_2022
335,3cca4aca-f3aa-4779-8ecb-e07c4c41c130,200,"{'rois': [[1437, 194, 1602, 604]], 'class_ids': [1], 'scores': [0.993463397026062]}",78.71023464202881,06_06_2022
339,703e96ee-0e5c-4331-a76e-c3e14da81cd4,200,"{'rois': [[1437, 194, 1602, 604]], 'class_ids': [1], 'scores': [0.993463397026062]}",78.73431873321533,06_06_2022
281,37ef0d1a-7534-41e0-a17a-002a3267d6fe,200,"{'rois': [[1437, 194, 1602, 604]], 'class_ids': [1], 'scores': [0.993463397026062]}",78.82899069786072,06_06_2022
232,2235cf74-477a-4f10-b764-ff6e9c9397e5,200,"{'rois': [[1437, 194, 1602, 604]], 'class_ids': [1], 'scores': [0.993463397026062]}",78.93677973747253,06_06_2022
63,e2448dc7-1448-43e0-b2b1-5438ca318749,200,"{'rois': [[1437, 194, 1602, 604]], 'class_ids': [1], 'scores': [0.993463397026062]}",79.47497034072876,06_06_2022
52,2e1e8e93-45d0-4f2d-a7df-b02f02519413,200,"{'rois': [[1437, 194, 1602, 604]], 'class_ids': [1], 'scores': [0.993463397026062]}",79.52072811126709,06_06_2022
373,681f5633-34c9-40a8-89a4-8c4deb3cea57,200,"{'rois': [[1437, 194, 1602, 604]], 'class_ids': [1], 'scores': [0.993463397026062]}",78.85709285736084,06_06_2022
273,fbab4439-26e9-4728-aa61-bbefa0f72ff7,200,"{'rois': [[1437, 194, 1602, 604]], 'class_ids': [1], 'scores': [0.993463397026062]}",78.99122643470764,06_06_2022
2,5a14e733-9129-4811-bd3f-bb474a6894fc,200,"{'rois': [[1437, 194, 1602, 604]], 'class_ids': [1], 'scores': [0.993463397026062]}",79.63283729553223,06_06_2022
349,1e0d6de5-9bae-4427-b861-12d1a509b397,200,"{'rois': [[1437, 194, 1602, 604]], 'class_ids': [1], 'scores': [0.993463397026062]}",78.97067618370056,06_06_2022
178,a32825b1-e02e-40f0-9846-4a97784fe48d,200,"{'rois': [[1437, 194, 1602, 604]], 'class_ids': [1], 'scores': [0.993463397026062]}",79.2211401462555,06_06_2022
475,3d0dedb1-c806-469c-a5f7-dbd651d4f9a3,200,"{'rois': [[1437, 194, 1602, 604]], 'class_ids': [1], 'scores': [0.993463397026062]}",79.02712678909302,06_06_2022
119,5848266b-a373-41c2-b342-7417652591ae,200,"{'rois': [[1437, 194, 1602, 604]], 'class_ids': [1], 'scores': [0.993463397026062]}",79.67409133911133,06_06_2022
42,f1a8d76b-7617-4e95-bbbd-633735bf185d,200,"{'rois': [[1437, 194, 1602, 604]], 'class_ids': [1], 'scores': [0.993463397026062]}",79.94296383857727,06_06_2022
33,fa37f8cb-a3cf-4cac-a18f-31c0d81310b9,200,"{'rois': [[1437, 194, 1602, 604]], 'class_ids': [1], 'scores': [0.993463397026062]}",80.02836227416992,06_06_2022
126,f03f9804-3403-4bc7-9e98-601ab40f5ad1,200,"{'rois': [[1437, 194, 1602, 604]], 'class_ids': [1], 'scores': [0.993463397026062]}",79.80750155448914,06_06_2022
476,5de05d55-e29b-4e9d-8c3e-8be71952de0b,200,"{'rois': [[1437, 194, 1602, 604]], 'class_ids': [1], 'scores': [0.993463397026062]}",79.27437710762024,06_06_2022
76,ee7817e4-daa7-4db4-a730-ae0333bb66bd,200,"{'rois': [[1437, 194, 1602, 604]], 'class_ids': [1], 'scores': [0.993463397026062]}",80.03066849708557,06_06_2022
25,c4707641-620e-4558-b296-18d5604b0e5d,200,"{'rois': [[1437, 194, 1602, 604]], 'class_ids': [1], 'scores': [0.993463397026062]}",80.17781448364258,06_06_2022
326,1e19355e-4c93-447d-911f-7186e8b68b9c,200,"{'rois': [[1437, 194, 1602, 604]], 'class_ids': [1], 'scores': [0.993463397026062]}",79.53228449821472,06_06_2022
165,42ba6df3-c048-4a71-8567-40969f489a40,200,"{'rois': [[1437, 194, 1602, 604]], 'class_ids': [1], 'scores': [0.993463397026062]}",79.91722321510315,06_06_2022
75,b2d47fea-2b9f-41dc-aabd-1e9cd9a8ac92,200,"{'rois': [[1437, 194, 1602, 604]], 'class_ids': [1], 'scores': [0.993463397026062]}",80.22613596916199,06_06_2022
164,c0a9ae67-28b2-4ffe-8f6a-43521b696f41,200,"{'rois': [[1437, 194, 1602, 604]], 'class_ids': [1], 'scores': [0.993463397026062]}",79.9855682849884,06_06_2022
333,67faf170-f868-4683-a9f6-e91811da545b,200,"{'rois': [[1437, 194, 1602, 604]], 'class_ids': [1], 'scores': [0.993463397026062]}",79.71550965309143,06_06_2022
346,50eb9fc9-f4ef-4f6c-a6af-87e725839067,200,"{'rois': [[1437, 194, 1602, 604]], 'class_ids': [1], 'scores': [0.993463397026062]}",79.74477338790894,06_06_2022
480,38151944-92c0-4873-b587-07bbe26d8fbf,200,"{'rois': [[1437, 194, 1602, 604]], 'class_ids': [1], 'scores': [0.993463397026062]}",79.66661024093628,06_06_2022
241,aab9e7c5-7698-43b6-a3c9-586d8a5610a1,200,"{'rois': [[1437, 194, 1602, 604]], 'class_ids': [1], 'scores': [0.993463397026062]}",79.96449446678162,06_06_2022
283,895139fb-c536-4cd6-8894-9496a8125ded,200,"{'rois': [[1437, 194, 1602, 604]], 'class_ids': [1], 'scores': [0.993463397026062]}",79.93410634994507,06_06_2022
62,ed4b7b08-0611-430e-a22d-b8509401b17e,200,"{'rois': [[1437, 194, 1602, 604]], 'class_ids': [1], 'scores': [0.993463397026062]}",80.84133958816528,06_06_2022
402,6bf7cab4-d69f-4741-bcbc-5b3f6e6353f7,200,"{'rois': [[1437, 194, 1602, 604]], 'class_ids': [1], 'scores': [0.993463397026062]}",80.22962689399719,06_06_2022
434,ad441a33-f4f2-4522-806b-5b5288c3a79f,200,"{'rois': [[1437, 194, 1602, 604]], 'class_ids': [1], 'scores': [0.993463397026062]}",80.23857855796814,06_06_2022
160,4b82b688-b324-489f-af66-4878ed9fb37d,200,"{'rois': [[1437, 194, 1602, 604]], 'class_ids': [1], 'scores': [0.993463397026062]}",80.70942258834839,06_06_2022
417,ad1a637c-829a-4cc2-9652-5b2d26ff5b49,200,"{'rois': [[1437, 194, 1602, 604]], 'class_ids': [1], 'scores': [0.993463397026062]}",80.33429884910583,06_06_2022
390,b36093f2-36b5-48ef-9468-ef90780979ca,200,"{'rois': [[1437, 194, 1602, 604]], 'class_ids': [1], 'scores': [0.993463397026062]}",80.36957049369812,06_06_2022
31,2034089d-33dd-4a3c-b64a-8d89048c9b9a,200,"{'rois': [[1437, 194, 1602, 604]], 'class_ids': [1], 'scores': [0.993463397026062]}",81.12856268882751,06_06_2022
29,ce974cf4-441d-4a79-b6d8-c223230bd457,200,"{'rois': [[1437, 194, 1602, 604]], 'class_ids': [1], 'scores': [0.993463397026062]}",81.13759875297546,06_06_2022
10,ffbcbe54-dc53-472b-afc5-7168689e6446,200,"{'rois': [[1437, 194, 1602, 604]], 'class_ids': [1], 'scores': [0.993463397026062]}",81.18781518936157,06_06_2022
196,90296ff5-da09-4e8d-b25f-601d3815c47a,200,"{'rois': [[1437, 194, 1602, 604]], 'class_ids': [1], 'scores': [0.993463397026062]}",80.70002889633179,06_06_2022
291,7779c093-35ed-4bac-a365-f1a080b6ae92,200,"{'rois': [[1437, 194, 1602, 604]], 'class_ids': [1], 'scores': [0.993463397026062]}",80.64594388008118,06_06_2022
77,c56b95e4-de4c-4a34-b742-0f8957a138d9,200,"{'rois': [[1437, 194, 1602, 604]], 'class_ids': [1], 'scores': [0.993463397026062]}",81.26587152481079,06_06_2022
122,6ca2f0c7-af6d-4e84-a08e-d574e9e52214,200,"{'rois': [[1437, 194, 1602, 604]], 'class_ids': [1], 'scores': [0.993463397026062]}",81.24671983718872,06_06_2022
39,47258865-3182-47e6-92fb-a4590991a6be,200,"{'rois': [[1437, 194, 1602, 604]], 'class_ids': [1], 'scores': [0.993463397026062]}",81.60876774787903,06_06_2022
1,ee5525d0-cdc7-477f-89d2-b6fdae9c9c5f,200,"{'rois': [[1437, 194, 1602, 604]], 'class_ids': [1], 'scores': [0.993463397026062]}",81.82319521903992,06_06_2022
90,99cbd57f-d920-4a0a-9a23-9cbbd77d8711,200,"{'rois': [[1437, 194, 1602, 604]], 'class_ids': [1], 'scores': [0.993463397026062]}",81.75708532333374,06_06_2022
407,504e87c1-5c20-4ae5-97cb-4013b112419a,200,"{'rois': [[1437, 194, 1602, 604]], 'class_ids': [1], 'scores': [0.993463397026062]}",81.12191677093506,06_06_2022
445,0b7328b7-001f-43dc-b0f9-cd40ba555e5a,200,"{'rois': [[1437, 194, 1602, 604]], 'class_ids': [1], 'scores': [0.993463397026062]}",81.09779047966003,06_06_2022
442,0bb70769-f05c-4e71-bf69-f1982d515b83,200,"{'rois': [[1437, 194, 1602, 604]], 'class_ids': [1], 'scores': [0.993463397026062]}",81.19743490219116,06_06_2022
313,6c10939f-aaa5-486e-a5d3-8f861ee67e17,200,"{'rois': [[1437, 194, 1602, 604]], 'class_ids': [1], 'scores': [0.993463397026062]}",81.36430954933167,06_06_2022
187,35ff0340-d8bc-41cd-ba1b-fa9c951090f5,200,"{'rois': [[1437, 194, 1602, 604]], 'class_ids': [1], 'scores': [0.993463397026062]}",81.54558157920837,06_06_2022
59,5aea66f2-d966-41fa-bd8a-359f5cdccc35,200,"{'rois': [[1437, 194, 1602, 604]], 'class_ids': [1], 'scores': [0.993463397026062]}",82.02998948097229,06_06_2022
430,758fb4d2-4f39-4657-86b2-6537b8bc4712,200,"{'rois': [[1437, 194, 1602, 604]], 'class_ids': [1], 'scores': [0.993463397026062]}",81.38375663757324,06_06_2022
400,7402e67f-51ec-47c1-94f6-affa372d953c,200,"{'rois': [[1437, 194, 1602, 604]], 'class_ids': [1], 'scores': [0.993463397026062]}",81.50065588951111,06_06_2022
153,b531afbf-2bad-4860-abf5-51118a072678,200,"{'rois': [[1437, 194, 1602, 604]], 'class_ids': [1], 'scores': [0.993463397026062]}",81.94372010231018,06_06_2022
383,8f793f5b-6acc-48a4-b4a4-70f60b8b7ff7,200,"{'rois': [[1437, 194, 1602, 604]], 'class_ids': [1], 'scores': [0.993463397026062]}",81.52759885787964,06_06_2022
158,26e8c576-1f9b-461d-a9ec-33f66e8d2151,200,"{'rois': [[1437, 194, 1602, 604]], 'class_ids': [1], 'scores': [0.993463397026062]}",81.99863386154175,06_06_2022
83,68d16cba-5a04-4cf9-86bd-fb405f699fd1,200,"{'rois': [[1437, 194, 1602, 604]], 'class_ids': [1], 'scores': [0.993463397026062]}",82.51962876319885,06_06_2022
46,4116984c-a8aa-4355-bc84-11c0d75e7d2f,200,"{'rois': [[1437, 194, 1602, 604]], 'class_ids': [1], 'scores': [0.993463397026062]}",82.75706744194031,06_06_2022
421,972044bc-beb4-49b4-9d25-c92888a5a647,200,"{'rois': [[1437, 194, 1602, 604]], 'class_ids': [1], 'scores': [0.993463397026062]}",82.03648948669434,06_06_2022
50,dfb7c8d8-d253-424b-b8a5-bb27d1214ec1,200,"{'rois': [[1437, 194, 1602, 604]], 'class_ids': [1], 'scores': [0.993463397026062]}",82.8861813545227,06_06_2022
392,dc114e03-4c16-4b2e-96a3-af5c193a5605,200,"{'rois': [[1437, 194, 1602, 604]], 'class_ids': [1], 'scores': [0.993463397026062]}",82.33802151679993,06_06_2022
255,1fc67a77-0b07-4d76-93b1-2448d6c34c23,200,"{'rois': [[1437, 194, 1602, 604]], 'class_ids': [1], 'scores': [0.993463397026062]}",82.48041844367981,06_06_2022
36,91fa55ec-8b47-442c-876e-ef34e88ad4b6,200,"{'rois': [[1437, 194, 1602, 604]], 'class_ids': [1], 'scores': [0.993463397026062]}",83.46101498603821,06_06_2022
134,15ee7020-cbe3-4b5b-a429-bbaed00ebd96,200,"{'rois': [[1437, 194, 1602, 604]], 'class_ids': [1], 'scores': [0.993463397026062]}",83.30730748176575,06_06_2022
137,5451088c-28ee-49f7-b64f-ff5e839a2672,200,"{'rois': [[1437, 194, 1602, 604]], 'class_ids': [1], 'scores': [0.993463397026062]}",83.37038826942444,06_06_2022
328,9289142d-e7b9-44b0-98cc-08c7a085b339,200,"{'rois': [[1437, 194, 1602, 604]], 'class_ids': [1], 'scores': [0.993463397026062]}",82.99393892288208,06_06_2022
422,1b08fac3-500a-447a-b9fe-40f395d60872,200,"{'rois': [[1437, 194, 1602, 604]], 'class_ids': [1], 'scores': [0.993463397026062]}",82.90406322479248,06_06_2022
130,a689aca7-1c1c-4dc7-81a0-8de26dfba335,200,"{'rois': [[1437, 194, 1602, 604]], 'class_ids': [1], 'scores': [0.993463397026062]}",83.42631101608276,06_06_2022
307,62147fd9-7cd3-4bab-803d-2558c0dd5864,200,"{'rois': [[1437, 194, 1602, 604]], 'class_ids': [1], 'scores': [0.993463397026062]}",83.08404994010925,06_06_2022
344,c33340bb-5cd3-40f4-b207-7f04a6d4765e,200,"{'rois': [[1437, 194, 1602, 604]], 'class_ids': [1], 'scores': [0.993463397026062]}",83.25272488594055,06_06_2022
385,02fa4920-28b0-417d-8a4b-5ba30fae484c,200,"{'rois': [[1437, 194, 1602, 604]], 'class_ids': [1], 'scores': [0.993463397026062]}",83.4490110874176,06_06_2022
270,40d08e8c-9ae3-4b39-b742-886041575f2b,200,"{'rois': [[1437, 194, 1602, 604]], 'class_ids': [1], 'scores': [0.993463397026062]}",83.58694982528687,06_06_2022
30,4169aea5-4221-4f0d-be29-271a9bad40f7,200,"{'rois': [[1437, 194, 1602, 604]], 'class_ids': [1], 'scores': [0.993463397026062]}",84.25535678863525,06_06_2022
493,f06781c9-546c-4043-be3e-6776f05f4fc7,200,"{'rois': [[1437, 194, 1602, 604]], 'class_ids': [1], 'scores': [0.993463397026062]}",83.45363759994507,06_06_2022
200,ead2234a-0971-4325-8d81-53ee101059d4,200,"{'rois': [[1437, 194, 1602, 604]], 'class_ids': [1], 'scores': [0.993463397026062]}",83.8457043170929,06_06_2022
171,daa2cd47-aec4-4efb-bf08-ac13db22e524,200,"{'rois': [[1437, 194, 1602, 604]], 'class_ids': [1], 'scores': [0.993463397026062]}",84.07936143875122,06_06_2022
224,1727b46f-868c-4332-bb6f-36bb0d7312ad,200,"{'rois': [[1437, 194, 1602, 604]], 'class_ids': [1], 'scores': [0.993463397026062]}",84.04453229904175,06_06_2022
182,4bbe7a0c-69d6-49f8-8003-71c7f952c7db,200,"{'rois': [[1437, 194, 1602, 604]], 'class_ids': [1], 'scores': [0.993463397026062]}",84.14111161231995,06_06_2022
102,ad9e0100-a016-404c-8a7c-1144a257077b,200,"{'rois': [[1437, 194, 1602, 604]], 'class_ids': [1], 'scores': [0.993463397026062]}",84.62959265708923,06_06_2022
288,a6708527-e589-4ec9-ae34-f1432d345975,200,"{'rois': [[1437, 194, 1602, 604]], 'class_ids': [1], 'scores': [0.993463397026062]}",84.46757960319519,06_06_2022
8,3b54c497-3474-4641-8f95-9e9bb7ca1ed9,200,"{'rois': [[1437, 194, 1602, 604]], 'class_ids': [1], 'scores': [0.993463397026062]}",85.12255859375,06_06_2022
152,511d4405-3575-4f33-8254-838e0b45a3a9,200,"{'rois': [[1437, 194, 1602, 604]], 'class_ids': [1], 'scores': [0.993463397026062]}",84.847825050354,06_06_2022
94,f7fbf94c-f9ca-4d9d-aa51-d23ba974a6e1,200,"{'rois': [[1437, 194, 1602, 604]], 'class_ids': [1], 'scores': [0.993463397026062]}",85.16975331306458,06_06_2022
61,cb71f491-713e-444d-888a-942c1347403e,200,"{'rois': [[1437, 194, 1602, 604]], 'class_ids': [1], 'scores': [0.993463397026062]}",85.47128176689148,06_06_2022
474,9d2defc4-64e3-4689-af72-ea39b95883b1,200,"{'rois': [[1437, 194, 1602, 604]], 'class_ids': [1], 'scores': [0.993463397026062]}",84.71720266342163,06_06_2022
184,39ea2133-d641-4cac-8aea-7d4111ea9974,200,"{'rois': [[1437, 194, 1602, 604]], 'class_ids': [1], 'scores': [0.993463397026062]}",85.05746650695801,06_06_2022
389,5795f6e6-8b37-4503-bfec-0f5069d67ecc,200,"{'rois': [[1437, 194, 1602, 604]], 'class_ids': [1], 'scores': [0.993463397026062]}",85.04375743865967,06_06_2022
413,a8aad136-d923-4be5-bd2c-87bbb87e0b12,200,"{'rois': [[1437, 194, 1602, 604]], 'class_ids': [1], 'scores': [0.993463397026062]}",85.04369783401489,06_06_2022
359,86ad4720-dcae-4ca8-9d3b-98020ef68da8,200,"{'rois': [[1437, 194, 1602, 604]], 'class_ids': [1], 'scores': [0.993463397026062]}",85.1732976436615,06_06_2022
386,d95c3687-4673-4cf7-83d5-6c37f59dbefc,200,"{'rois': [[1437, 194, 1602, 604]], 'class_ids': [1], 'scores': [0.993463397026062]}",85.4525785446167,06_06_2022
144,5c81a1ee-ee1a-4825-be77-d3890ba412dc,200,"{'rois': [[1437, 194, 1602, 604]], 'class_ids': [1], 'scores': [0.993463397026062]}",86.08360528945923,06_06_2022
229,8bf119e3-8850-4b55-815c-874c667699f8,200,"{'rois': [[1437, 194, 1602, 604]], 'class_ids': [1], 'scores': [0.993463397026062]}",85.8432993888855,06_06_2022
136,a0fc709c-aed0-40d9-852d-0fd0abb5bbe5,200,"{'rois': [[1437, 194, 1602, 604]], 'class_ids': [1], 'scores': [0.993463397026062]}",86.29882788658142,06_06_2022
303,b10ef5e0-30e9-43e9-8626-2e0d37ca9609,200,"{'rois': [[1437, 194, 1602, 604]], 'class_ids': [1], 'scores': [0.993463397026062]}",86.13180685043335,06_06_2022
410,ba51b276-437c-4293-8794-2015905ba926,200,"{'rois': [[1437, 194, 1602, 604]], 'class_ids': [1], 'scores': [0.993463397026062]}",86.02862596511841,06_06_2022
192,7109bdf2-231b-4423-94bb-70f010be9da4,200,"{'rois': [[1437, 194, 1602, 604]], 'class_ids': [1], 'scores': [0.993463397026062]}",86.26661586761475,06_06_2022
189,66896ed4-348d-4a5f-be76-d566d5c5a96f,200,"{'rois': [[1437, 194, 1602, 604]], 'class_ids': [1], 'scores': [0.993463397026062]}",86.38393259048462,06_06_2022
135,4668f69b-b63d-4396-844f-426e7db3519b,200,"{'rois': [[1437, 194, 1602, 604]], 'class_ids': [1], 'scores': [0.993463397026062]}",86.67216658592224,06_06_2022
403,06417fe5-48a5-4318-bc14-ab7acbffdfd4,200,"{'rois': [[1437, 194, 1602, 604]], 'class_ids': [1], 'scores': [0.993463397026062]}",86.35875034332275,06_06_2022
499,86eaeff2-a505-45e5-b7ff-2c650c668844,200,"{'rois': [[1437, 194, 1602, 604]], 'class_ids': [1], 'scores': [0.993463397026062]}",86.27295446395874,06_06_2022
467,de8054a4-85ed-4dd1-bcd8-a5fd5bc65059,200,"{'rois': [[1437, 194, 1602, 604]], 'class_ids': [1], 'scores': [0.993463397026062]}",86.40486145019531,06_06_2022
128,fdb45c9b-120f-4f47-a772-fbd7d2598a44,200,"{'rois': [[1437, 194, 1602, 604]], 'class_ids': [1], 'scores': [0.993463397026062]}",87.07888674736023,06_06_2022
352,65c210c2-1e69-4ca1-8d56-fb2323151e77,200,"{'rois': [[1437, 194, 1602, 604]], 'class_ids': [1], 'scores': [0.993463397026062]}",86.69516181945801,06_06_2022
209,cea59bbc-375b-45cd-be2b-f1cfda7e35d3,200,"{'rois': [[1437, 194, 1602, 604]], 'class_ids': [1], 'scores': [0.993463397026062]}",86.9181158542633,06_06_2022
378,9a6a010e-428d-4685-a7d7-7200771b2c9e,200,"{'rois': [[1437, 194, 1602, 604]], 'class_ids': [1], 'scores': [0.993463397026062]}",86.76087832450867,06_06_2022
181,46bbec6b-6ccb-40a3-8b15-61b2fbebc159,200,"{'rois': [[1437, 194, 1602, 604]], 'class_ids': [1], 'scores': [0.993463397026062]}",87.45840859413147,06_06_2022
318,0546b814-0ff7-4133-b8e1-953e86915930,200,"{'rois': [[1437, 194, 1602, 604]], 'class_ids': [1], 'scores': [0.993463397026062]}",87.33163642883301,06_06_2022
363,1e61f157-fe9a-4438-aaa1-0d7759365421,200,"{'rois': [[1437, 194, 1602, 604]], 'class_ids': [1], 'scores': [0.993463397026062]}",87.46141910552979,06_06_2022
393,bb2801f0-ac67-4f5d-b917-7edd9c3a5434,200,"{'rois': [[1437, 194, 1602, 604]], 'class_ids': [1], 'scores': [0.993463397026062]}",87.47033357620239,06_06_2022
262,a3c23c37-12d8-4aab-998b-468d6c67ae28,200,"{'rois': [[1437, 194, 1602, 604]], 'class_ids': [1], 'scores': [0.993463397026062]}",87.61415886878967,06_06_2022
308,b3077bca-b60c-47df-99ff-cc97c241d14e,200,"{'rois': [[1437, 194, 1602, 604]], 'class_ids': [1], 'scores': [0.993463397026062]}",87.69815802574158,06_06_2022
81,7dea27ac-a581-46a3-b599-c27be7ce56ee,200,"{'rois': [[1437, 194, 1602, 604]], 'class_ids': [1], 'scores': [0.993463397026062]}",88.50599813461304,06_06_2022
154,f3f1eaa3-b050-4cfc-9fd1-e78c9c47d434,200,"{'rois': [[1437, 194, 1602, 604]], 'class_ids': [1], 'scores': [0.993463397026062]}",88.35882878303528,06_06_2022
298,32c790c9-aaa2-434a-a0f8-a7630d34852e,200,"{'rois': [[1437, 194, 1602, 604]], 'class_ids': [1], 'scores': [0.993463397026062]}",88.20782685279846,06_06_2022
454,a17c33c9-a641-4820-a4d6-45e91683cae4,200,"{'rois': [[1437, 194, 1602, 604]], 'class_ids': [1], 'scores': [0.993463397026062]}",88.20947360992432,06_06_2022
239,15fae531-a2ed-4c59-b661-2a8023d3f15a,200,"{'rois': [[1437, 194, 1602, 604]], 'class_ids': [1], 'scores': [0.993463397026062]}",88.53688335418701,06_06_2022
96,f93fa522-fc90-43a1-b95f-e8970b2ad877,200,"{'rois': [[1437, 194, 1602, 604]], 'class_ids': [1], 'scores': [0.993463397026062]}",89.05048084259033,06_06_2022
310,01e4b07c-34cf-4a8d-88d1-9556dce28fd0,200,"{'rois': [[1437, 194, 1602, 604]], 'class_ids': [1], 'scores': [0.993463397026062]}",88.635586977005,06_06_2022
323,2f8c720a-f7f7-4c11-a697-30884e65830d,200,"{'rois': [[1437, 194, 1602, 604]], 'class_ids': [1], 'scores': [0.993463397026062]}",88.66839861869812,06_06_2022
477,99559756-6c29-4cdd-91e4-9f6f1b5a2e3c,200,"{'rois': [[1437, 194, 1602, 604]], 'class_ids': [1], 'scores': [0.993463397026062]}",88.5203104019165,06_06_2022
404,8b553eea-62db-44a7-85e1-9ef816cd7ec3,200,"{'rois': [[1437, 194, 1602, 604]], 'class_ids': [1], 'scores': [0.993463397026062]}",88.59838271141052,06_06_2022
436,6685a3a7-c920-4946-8fa4-263af9c82188,200,"{'rois': [[1437, 194, 1602, 604]], 'class_ids': [1], 'scores': [0.993463397026062]}",88.57532739639282,06_06_2022
443,d3578363-cf00-4db1-9b9f-600bd04db810,200,"{'rois': [[1437, 194, 1602, 604]], 'class_ids': [1], 'scores': [0.993463397026062]}",88.62436580657959,06_06_2022
54,4968cf53-9936-41c9-ab24-86af97c75db8,200,"{'rois': [[1437, 194, 1602, 604]], 'class_ids': [1], 'scores': [0.993463397026062]}",89.42754101753235,06_06_2022
360,951d682b-054f-4ba7-bf92-992527d6d34f,200,"{'rois': [[1437, 194, 1602, 604]], 'class_ids': [1], 'scores': [0.993463397026062]}",88.91057085990906,06_06_2022
396,5e45abab-2098-49fa-a322-749c50ecbb8a,200,"{'rois': [[1437, 194, 1602, 604]], 'class_ids': [1], 'scores': [0.993463397026062]}",88.96193623542786,06_06_2022
464,17700701-00d3-408e-add6-5db6916b5dd9,200,"{'rois': [[1437, 194, 1602, 604]], 'class_ids': [1], 'scores': [0.993463397026062]}",88.90876698493958,06_06_2022
107,859493a8-1a85-48c0-a968-b748f4d7effb,200,"{'rois': [[1437, 194, 1602, 604]], 'class_ids': [1], 'scores': [0.993463397026062]}",89.53377652168274,06_06_2022
264,e1a27a78-7418-4a50-a69d-20013fea2cfb,200,"{'rois': [[1437, 194, 1602, 604]], 'class_ids': [1], 'scores': [0.993463397026062]}",89.18316888809204,06_06_2022
202,67ceb889-171b-450b-b9b6-a2be1e19fd42,200,"{'rois': [[1437, 194, 1602, 604]], 'class_ids': [1], 'scores': [0.993463397026062]}",89.270503282547,06_06_2022
99,9c79a8b9-0eb3-439b-9b10-76f90f82e89a,200,"{'rois': [[1437, 194, 1602, 604]], 'class_ids': [1], 'scores': [0.993463397026062]}",89.65949654579163,06_06_2022
325,acd21c2f-999e-46d6-afcd-871608474e27,200,"{'rois': [[1437, 194, 1602, 604]], 'class_ids': [1], 'scores': [0.993463397026062]}",89.19033288955688,06_06_2022
429,b601ae99-6c65-4708-b8c2-7aea03521f6d,200,"{'rois': [[1437, 194, 1602, 604]], 'class_ids': [1], 'scores': [0.993463397026062]}",89.1152925491333,06_06_2022
411,66721614-3638-4d90-b1f7-7bfaa2eccab9,200,"{'rois': [[1437, 194, 1602, 604]], 'class_ids': [1], 'scores': [0.993463397026062]}",89.15209746360779,06_06_2022
215,fe285795-e84d-4c0a-81fb-e5e827509bf5,200,"{'rois': [[1437, 194, 1602, 604]], 'class_ids': [1], 'scores': [0.993463397026062]}",89.42435717582703,06_06_2022
441,957e0bd4-38ac-4098-8f97-e53d21f26236,200,"{'rois': [[1437, 194, 1602, 604]], 'class_ids': [1], 'scores': [0.993463397026062]}",89.26279664039612,06_06_2022
108,9e436b85-76a2-449c-a80c-4e7dd91d2e2d,200,"{'rois': [[1437, 194, 1602, 604]], 'class_ids': [1], 'scores': [0.993463397026062]}",89.93688797950745,06_06_2022
492,a0a9f731-5415-4605-a31d-3b2ae03a11eb,200,"{'rois': [[1437, 194, 1602, 604]], 'class_ids': [1], 'scores': [0.993463397026062]}",89.44062209129333,06_06_2022
145,ceea25ac-c3ed-47b3-b656-7e6728859f97,200,"{'rois': [[1437, 194, 1602, 604]], 'class_ids': [1], 'scores': [0.993463397026062]}",90.00962352752686,06_06_2022
205,ccb4524d-b340-4afa-b8e2-69c702556ce2,200,"{'rois': [[1437, 194, 1602, 604]], 'class_ids': [1], 'scores': [0.993463397026062]}",90.0453109741211,06_06_2022
465,c54163dc-de71-4fb9-a63c-72866ae9b652,200,"{'rois': [[1437, 194, 1602, 604]], 'class_ids': [1], 'scores': [0.993463397026062]}",89.80554986000061,06_06_2022
461,88ab34e7-c896-4efe-aed4-d93abcb50c05,200,"{'rois': [[1437, 194, 1602, 604]], 'class_ids': [1], 'scores': [0.993463397026062]}",89.85675406455994,06_06_2022
320,fed6d311-efe7-412e-ae27-cd3758ebebc8,200,"{'rois': [[1437, 194, 1602, 604]], 'class_ids': [1], 'scores': [0.993463397026062]}",90.02781462669373,06_06_2022
455,06bb077e-a5e1-4efa-9a2d-6057875ebec9,200,"{'rois': [[1437, 194, 1602, 604]], 'class_ids': [1], 'scores': [0.993463397026062]}",90.13380599021912,06_06_2022
399,3f51b7a0-d6ba-40f9-84ca-2a8314134218,200,"{'rois': [[1437, 194, 1602, 604]], 'class_ids': [1], 'scores': [0.993463397026062]}",90.27107238769531,06_06_2022
315,92202ff3-8d1a-452b-81b5-fe19a937a4ae,200,"{'rois': [[1437, 194, 1602, 604]], 'class_ids': [1], 'scores': [0.993463397026062]}",90.38998675346375,06_06_2022
377,f8e284be-9343-445e-8b80-f683438894dd,200,"{'rois': [[1437, 194, 1602, 604]], 'class_ids': [1], 'scores': [0.993463397026062]}",90.412118434906,06_06_2022
225,9b52ceac-b443-46ea-87a5-08b6b2433c32,200,"{'rois': [[1437, 194, 1602, 604]], 'class_ids': [1], 'scores': [0.993463397026062]}",90.61460971832275,06_06_2022
457,5f8f680c-a812-4d04-9c32-62562770de9d,200,"{'rois': [[1437, 194, 1602, 604]], 'class_ids': [1], 'scores': [0.993463397026062]}",90.4026608467102,06_06_2022
299,e7c84cfa-ba27-4f72-aafa-db2afb6239a8,200,"{'rois': [[1437, 194, 1602, 604]], 'class_ids': [1], 'scores': [0.993463397026062]}",90.65542507171631,06_06_2022
376,63639323-2f11-4fdb-bbc5-dd14f81ac7d8,200,"{'rois': [[1437, 194, 1602, 604]], 'class_ids': [1], 'scores': [0.993463397026062]}",90.57728099822998,06_06_2022
354,86b01d8f-b72f-474e-83b0-54485494e9c0,200,"{'rois': [[1437, 194, 1602, 604]], 'class_ids': [1], 'scores': [0.993463397026062]}",90.7096312046051,06_06_2022
104,c5aefcdc-5c9c-43c9-9da6-ab2599408100,200,"{'rois': [[1437, 194, 1602, 604]], 'class_ids': [1], 'scores': [0.993463397026062]}",91.24600481987,06_06_2022
92,b6b42a45-9fcf-4367-9947-2346cdff5b74,200,"{'rois': [[1437, 194, 1602, 604]], 'class_ids': [1], 'scores': [0.993463397026062]}",91.37888240814209,06_06_2022
450,c26cde19-5f9d-4965-9f74-e21ea5747b6f,200,"{'rois': [[1437, 194, 1602, 604]], 'class_ids': [1], 'scores': [0.993463397026062]}",90.78891158103943,06_06_2022
447,551b4d18-47a9-41b2-922f-95fa3f801545,200,"{'rois': [[1437, 194, 1602, 604]], 'class_ids': [1], 'scores': [0.993463397026062]}",90.89227867126465,06_06_2022
317,a49b1a84-74c3-4bd8-88ac-bf0dd121380c,200,"{'rois': [[1437, 194, 1602, 604]], 'class_ids': [1], 'scores': [0.993463397026062]}",91.07184433937073,06_06_2022
423,c702aa2c-da79-4068-9e8a-7fd42c76727a,200,"{'rois': [[1437, 194, 1602, 604]], 'class_ids': [1], 'scores': [0.993463397026062]}",91.04151892662048,06_06_2022
185,2ecf6e30-287a-4b07-a103-1117db9ae42b,200,"{'rois': [[1437, 194, 1602, 604]], 'class_ids': [1], 'scores': [0.993463397026062]}",91.39618730545044,06_06_2022
111,faf2b296-769a-44c1-a436-dd698e06dbee,200,"{'rois': [[1437, 194, 1602, 604]], 'class_ids': [1], 'scores': [0.993463397026062]}",91.70795226097107,06_06_2022
127,0c404d31-440a-428c-8975-4a64b60d90bf,200,"{'rois': [[1437, 194, 1602, 604]], 'class_ids': [1], 'scores': [0.993463397026062]}",91.71210551261902,06_06_2022
418,dd081153-7879-4c86-86c9-b75f12d4d6c1,200,"{'rois': [[1437, 194, 1602, 604]], 'class_ids': [1], 'scores': [0.993463397026062]}",91.23592829704285,06_06_2022
487,a3a6c671-3c5d-4c73-a957-b634b41e41e6,200,"{'rois': [[1437, 194, 1602, 604]], 'class_ids': [1], 'scores': [0.993463397026062]}",91.16948938369751,06_06_2022
365,eb19479f-8443-48be-94b8-c0b480c2c2ed,200,"{'rois': [[1437, 194, 1602, 604]], 'class_ids': [1], 'scores': [0.993463397026062]}",91.29839897155762,06_06_2022
294,d3bf52d1-4f81-4c67-8f9f-562316ffc061,200,"{'rois': [[1437, 194, 1602, 604]], 'class_ids': [1], 'scores': [0.993463397026062]}",91.42121815681458,06_06_2022
426,c229ef7d-43cf-4b9e-b270-557ca8a5c2e7,200,"{'rois': [[1437, 194, 1602, 604]], 'class_ids': [1], 'scores': [0.993463397026062]}",91.28676295280457,06_06_2022
35,c49c059c-6f37-49a2-9510-f11e25be3db3,200,"{'rois': [[1437, 194, 1602, 604]], 'class_ids': [1], 'scores': [0.993463397026062]}",92.13158702850342,06_06_2022
353,b0582d73-a602-4761-800e-27a53f4bcaad,200,"{'rois': [[1437, 194, 1602, 604]], 'class_ids': [1], 'scores': [0.993463397026062]}",91.60277676582336,06_06_2022
170,bd819708-8390-4485-aff5-9e147ed56ab3,200,"{'rois': [[1437, 194, 1602, 604]], 'class_ids': [1], 'scores': [0.993463397026062]}",91.9058940410614,06_06_2022
86,dba8160a-f50f-4aa1-a1b1-758bcf5397ed,200,"{'rois': [[1437, 194, 1602, 604]], 'class_ids': [1], 'scores': [0.993463397026062]}",92.2851939201355,06_06_2022
463,2f48ae1e-0789-427c-98ca-ba212898f408,200,"{'rois': [[1437, 194, 1602, 604]], 'class_ids': [1], 'scores': [0.993463397026062]}",91.5975227355957,06_06_2022
269,50750647-7c25-4885-9af4-0f816ecc7208,200,"{'rois': [[1437, 194, 1602, 604]], 'class_ids': [1], 'scores': [0.993463397026062]}",91.81726050376892,06_06_2022
329,3a79bba7-8db5-4a89-964c-990c49882324,200,"{'rois': [[1437, 194, 1602, 604]], 'class_ids': [1], 'scores': [0.993463397026062]}",91.78760766983032,06_06_2022
491,cf486554-a9c9-4559-a71f-69f46d0f4374,200,"{'rois': [[1437, 194, 1602, 604]], 'class_ids': [1], 'scores': [0.993463397026062]}",91.7893934249878,06_06_2022
143,4668b7fa-e4e6-416c-a0dc-615d6e31ba2e,200,"{'rois': [[1437, 194, 1602, 604]], 'class_ids': [1], 'scores': [0.993463397026062]}",92.38583564758301,06_06_2022
105,79e4deb7-b18d-4a94-a3e5-6c2d669711f2,200,"{'rois': [[1437, 194, 1602, 604]], 'class_ids': [1], 'scores': [0.993463397026062]}",92.46930861473083,06_06_2022
256,16739ffb-6777-4cc4-bfd8-0bb0f834c8f2,200,"{'rois': [[1437, 194, 1602, 604]], 'class_ids': [1], 'scores': [0.993463397026062]}",92.1334969997406,06_06_2022
263,5711afeb-631f-4b27-b796-18b0805c66d8,200,"{'rois': [[1437, 194, 1602, 604]], 'class_ids': [1], 'scores': [0.993463397026062]}",92.15926027297974,06_06_2022
345,b86239d8-cc59-43a7-9811-fdfbe28e8320,200,"{'rois': [[1437, 194, 1602, 604]], 'class_ids': [1], 'scores': [0.993463397026062]}",92.13763332366943,06_06_2022
238,b6ec6483-f55a-4bed-8168-884c91ea96bd,200,"{'rois': [[1437, 194, 1602, 604]], 'class_ids': [1], 'scores': [0.993463397026062]}",92.39666295051575,06_06_2022
439,a9eee193-b0cd-4452-b881-a17e7c359d17,200,"{'rois': [[1437, 194, 1602, 604]], 'class_ids': [1], 'scores': [0.993463397026062]}",92.19703125953674,06_06_2022
274,d91e9d79-ea6c-444b-8f3e-9707853a7018,200,"{'rois': [[1437, 194, 1602, 604]], 'class_ids': [1], 'scores': [0.993463397026062]}",92.58973598480225,06_06_2022
324,6e761737-8d5d-45d1-a3b4-45c45b4903e1,200,"{'rois': [[1437, 194, 1602, 604]], 'class_ids': [1], 'scores': [0.993463397026062]}",92.54423522949219,06_06_2022
306,8e485c08-abe9-4b70-920a-f466ea766aea,200,"{'rois': [[1437, 194, 1602, 604]], 'class_ids': [1], 'scores': [0.993463397026062]}",92.57148051261902,06_06_2022
146,0ec563bb-f757-4b8e-9335-3938271ca759,200,"{'rois': [[1437, 194, 1602, 604]], 'class_ids': [1], 'scores': [0.993463397026062]}",92.96940112113953,06_06_2022
177,72b538a5-e1af-4752-ac54-3a9b1eb017f3,200,"{'rois': [[1437, 194, 1602, 604]], 'class_ids': [1], 'scores': [0.993463397026062]}",92.87617039680481,06_06_2022
110,06083c11-fceb-49f2-84b1-48288e64ce96,200,"{'rois': [[1437, 194, 1602, 604]], 'class_ids': [1], 'scores': [0.993463397026062]}",93.21145606040955,06_06_2022
311,3c3e3fd9-2398-4015-9443-aebafd323cd1,200,"{'rois': [[1437, 194, 1602, 604]], 'class_ids': [1], 'scores': [0.993463397026062]}",92.8704628944397,06_06_2022
340,91ff5d74-44b5-456f-b7f8-5bc082849968,200,"{'rois': [[1437, 194, 1602, 604]], 'class_ids': [1], 'scores': [0.993463397026062]}",92.84981298446655,06_06_2022
78,3a39d1e2-8270-4e88-bffc-7ec22065ff5f,200,"{'rois': [[1437, 194, 1602, 604]], 'class_ids': [1], 'scores': [0.993463397026062]}",93.53490138053894,06_06_2022
109,fc7da087-8e01-4552-be05-328994f893d2,200,"{'rois': [[1437, 194, 1602, 604]], 'class_ids': [1], 'scores': [0.993463397026062]}",93.39097547531128,06_06_2022
319,65802568-c01b-4086-9eff-70dc06602ec4,200,"{'rois': [[1437, 194, 1602, 604]], 'class_ids': [1], 'scores': [0.993463397026062]}",92.9841821193695,06_06_2022
348,76954015-de8d-47bd-9d0f-ddc89b097884,200,"{'rois': [[1437, 194, 1602, 604]], 'class_ids': [1], 'scores': [0.993463397026062]}",92.97813153266907,06_06_2022
211,10e710ab-a9d7-486c-9c02-fe0ee4f71938,200,"{'rois': [[1437, 194, 1602, 604]], 'class_ids': [1], 'scores': [0.993463397026062]}",93.29330205917358,06_06_2022
173,b438720a-732a-470f-91e6-1e576e65248b,200,"{'rois': [[1437, 194, 1602, 604]], 'class_ids': [1], 'scores': [0.993463397026062]}",93.37607288360596,06_06_2022
132,4cc22ab9-c3d9-4ba9-9c07-0c9c2153a17f,200,"{'rois': [[1437, 194, 1602, 604]], 'class_ids': [1], 'scores': [0.993463397026062]}",93.69097757339478,06_06_2022
342,ae02409a-5b24-4121-a4f8-13a67da90fa6,200,"{'rois': [[1437, 194, 1602, 604]], 'class_ids': [1], 'scores': [0.993463397026062]}",93.30448889732361,06_06_2022
103,ef4460aa-2466-476a-b6ad-fec97b0ac0a2,200,"{'rois': [[1437, 194, 1602, 604]], 'class_ids': [1], 'scores': [0.993463397026062]}",93.78675675392151,06_06_2022
237,f431d37e-571a-43c2-b246-9bb798fd8920,200,"{'rois': [[1437, 194, 1602, 604]], 'class_ids': [1], 'scores': [0.993463397026062]}",93.45350527763367,06_06_2022
271,ca09a3ee-80b4-455b-8606-fe1970451b4d,200,"{'rois': [[1437, 194, 1602, 604]], 'class_ids': [1], 'scores': [0.993463397026062]}",93.42068552970886,06_06_2022
277,b95ef246-2dc3-46c6-8a7b-53e9bdcf59ff,200,"{'rois': [[1437, 194, 1602, 604]], 'class_ids': [1], 'scores': [0.993463397026062]}",93.43662881851196,06_06_2022
408,faddaf33-e515-48a3-9cae-770299b138bb,200,"{'rois': [[1437, 194, 1602, 604]], 'class_ids': [1], 'scores': [0.993463397026062]}",93.36947965621948,06_06_2022
88,24a1f2da-bf75-40c1-9543-b8d9e4536304,200,"{'rois': [[1437, 194, 1602, 604]], 'class_ids': [1], 'scores': [0.993463397026062]}",94.14372372627258,06_06_2022
460,c6a3efbd-352b-4b7a-8d97-036a1d561ee0,200,"{'rois': [[1437, 194, 1602, 604]], 'class_ids': [1], 'scores': [0.993463397026062]}",93.4633572101593,06_06_2022
246,04cde3e8-8c76-4f74-9803-6d6f083449af,200,"{'rois': [[1437, 194, 1602, 604]], 'class_ids': [1], 'scores': [0.993463397026062]}",93.6837227344513,06_06_2022
251,6b62b490-aa38-456b-8b95-908cfa7c33c8,200,"{'rois': [[1437, 194, 1602, 604]], 'class_ids': [1], 'scores': [0.993463397026062]}",93.7191321849823,06_06_2022
180,e08ec577-7b07-44b0-8459-501e23f0163b,200,"{'rois': [[1437, 194, 1602, 604]], 'class_ids': [1], 'scores': [0.993463397026062]}",93.91259956359863,06_06_2022
179,f128c321-cc8f-4cd2-a916-a21ccc6153cd,200,"{'rois': [[1437, 194, 1602, 604]], 'class_ids': [1], 'scores': [0.993463397026062]}",93.97179794311523,06_06_2022
401,06102c35-249f-46f5-b91c-2e0612f6bf12,200,"{'rois': [[1437, 194, 1602, 604]], 'class_ids': [1], 'scores': [0.993463397026062]}",93.77106666564941,06_06_2022
293,d6f25d51-29d5-4d30-ac99-b274deed8af3,200,"{'rois': [[1437, 194, 1602, 604]], 'class_ids': [1], 'scores': [0.993463397026062]}",94.04035782814026,06_06_2022
249,0fd87d5a-d463-4c27-95bc-60ba4b3409d7,200,"{'rois': [[1437, 194, 1602, 604]], 'class_ids': [1], 'scores': [0.993463397026062]}",94.11453461647034,06_06_2022
64,35c22d96-4ec2-426b-80e2-279020d242b7,200,"{'rois': [[1437, 194, 1602, 604]], 'class_ids': [1], 'scores': [0.993463397026062]}",94.87927913665771,06_06_2022
468,043a4388-3685-48ed-b371-380b822b4ea4,200,"{'rois': [[1437, 194, 1602, 604]], 'class_ids': [1], 'scores': [0.993463397026062]}",94.30220675468445,06_06_2022
169,d6f0a76a-66da-4073-9914-c6f493dbaece,200,"{'rois': [[1437, 194, 1602, 604]], 'class_ids': [1], 'scores': [0.993463397026062]}",94.70336771011353,06_06_2022
97,45d14c0d-e938-462c-9241-f44629363ba2,200,"{'rois': [[1437, 194, 1602, 604]], 'class_ids': [1], 'scores': [0.993463397026062]}",95.12046360969543,06_06_2022
351,3a024162-0bf4-4cc3-b0f3-1eb6887bb734,200,"{'rois': [[1437, 194, 1602, 604]], 'class_ids': [1], 'scores': [0.993463397026062]}",94.59629201889038,06_06_2022
124,ce4bda5d-0aaf-443e-983d-e70ed1c60c01,200,"{'rois': [[1437, 194, 1602, 604]], 'class_ids': [1], 'scores': [0.993463397026062]}",95.2074658870697,06_06_2022
305,8acc825a-f69c-4296-a41f-de6ea2ea9187,200,"{'rois': [[1437, 194, 1602, 604]], 'class_ids': [1], 'scores': [0.993463397026062]}",94.94922924041748,06_06_2022
494,bf5fb475-a5ac-46cb-a490-6ac95156bc96,200,"{'rois': [[1437, 194, 1602, 604]], 'class_ids': [1], 'scores': [0.993463397026062]}",94.76049327850342,06_06_2022
394,dff50b3b-1f6d-41bb-a8a9-49fb91f90755,200,"{'rois': [[1437, 194, 1602, 604]], 'class_ids': [1], 'scores': [0.993463397026062]}",94.89205503463745,06_06_2022
435,f1e567e8-9ebe-477c-b947-18c5e910e391,200,"{'rois': [[1437, 194, 1602, 604]], 'class_ids': [1], 'scores': [0.993463397026062]}",95.02048468589783,06_06_2022
486,95623047-1b7d-4830-9dec-3fc0a9e44b72,200,"{'rois': [[1437, 194, 1602, 604]], 'class_ids': [1], 'scores': [0.993463397026062]}",94.98178267478943,06_06_2022
484,582ccac9-2bf5-43b9-a2da-f0f37067ecb0,200,"{'rois': [[1437, 194, 1602, 604]], 'class_ids': [1], 'scores': [0.993463397026062]}",95.11979031562805,06_06_2022
71,356444b8-a233-4161-8e31-a37f44556fb3,200,"{'rois': [[1437, 194, 1602, 604]], 'class_ids': [1], 'scores': [0.993463397026062]}",96.00605869293213,06_06_2022
301,aff2208c-69fd-44de-ab4b-a70c67337e5a,200,"{'rois': [[1437, 194, 1602, 604]], 'class_ids': [1], 'scores': [0.993463397026062]}",95.72071933746338,06_06_2022
101,1bb4c7d1-3927-427a-9c1b-7b9c62fce828,200,"{'rois': [[1437, 194, 1602, 604]], 'class_ids': [1], 'scores': [0.993463397026062]}",96.17531943321228,06_06_2022
123,745a0bae-795a-476c-a5af-a0dc60f198f3,200,"{'rois': [[1437, 194, 1602, 604]], 'class_ids': [1], 'scores': [0.993463397026062]}",96.12054395675659,06_06_2022
337,fed79379-5832-4ef0-9e85-ce0e28874bec,200,"{'rois': [[1437, 194, 1602, 604]], 'class_ids': [1], 'scores': [0.993463397026062]}",95.84513092041016,06_06_2022
471,10aedb2e-e246-47ad-b0f7-5b55e84883b0,200,"{'rois': [[1437, 194, 1602, 604]], 'class_ids': [1], 'scores': [0.993463397026062]}",95.85443496704102,06_06_2022
355,382f9f26-b69f-4930-a62f-ad7d93a94d4e,200,"{'rois': [[1437, 194, 1602, 604]], 'class_ids': [1], 'scores': [0.993463397026062]}",96.08964419364929,06_06_2022
265,15d5776b-0b98-4d63-9c00-3f7acd02c623,200,"{'rois': [[1437, 194, 1602, 604]], 'class_ids': [1], 'scores': [0.993463397026062]}",96.20113563537598,06_06_2022
254,59e41d96-6401-4dc8-bcbb-3b24e75fa74f,200,"{'rois': [[1437, 194, 1602, 604]], 'class_ids': [1], 'scores': [0.993463397026062]}",96.3844141960144,06_06_2022
444,a71c0d9c-6860-4fe0-9e84-537e42e48fb0,200,"{'rois': [[1437, 194, 1602, 604]], 'class_ids': [1], 'scores': [0.993463397026062]}",96.33473563194275,06_06_2022
174,ef0c8567-63a0-4e81-ae41-bdeb650ed9b9,200,"{'rois': [[1437, 194, 1602, 604]], 'class_ids': [1], 'scores': [0.993463397026062]}",96.81393456459045,06_06_2022
420,db263dc6-b129-4e89-a850-97cec6e4a8d7,200,"{'rois': [[1437, 194, 1602, 604]], 'class_ids': [1], 'scores': [0.993463397026062]}",96.62568855285645,06_06_2022
331,97a502fe-3d09-4a32-bef3-4e2f83ada318,200,"{'rois': [[1437, 194, 1602, 604]], 'class_ids': [1], 'scores': [0.993463397026062]}",96.8574845790863,06_06_2022
302,62549b64-2d3a-4b72-b100-f9e73e11bba3,200,"{'rois': [[1437, 194, 1602, 604]], 'class_ids': [1], 'scores': [0.993463397026062]}",96.99470233917236,06_06_2022
197,25f44146-66e2-405a-a0ae-8c98b4572245,200,"{'rois': [[1437, 194, 1602, 604]], 'class_ids': [1], 'scores': [0.993463397026062]}",97.31255865097046,06_06_2022
231,d7857276-a39a-49e8-ae22-599d87d44a2d,200,"{'rois': [[1437, 194, 1602, 604]], 'class_ids': [1], 'scores': [0.993463397026062]}",97.2997305393219,06_06_2022
356,7ceac31b-f9ac-4383-82a5-fa17fefb47b3,200,"{'rois': [[1437, 194, 1602, 604]], 'class_ids': [1], 'scores': [0.993463397026062]}",97.19672012329102,06_06_2022
216,ebc351a9-4d68-444d-a1ba-b09cd1c0e692,200,"{'rois': [[1437, 194, 1602, 604]], 'class_ids': [1], 'scores': [0.993463397026062]}",97.3598301410675,06_06_2022
440,52f77085-d6f2-47b7-9f09-19c31f179384,200,"{'rois': [[1437, 194, 1602, 604]], 'class_ids': [1], 'scores': [0.993463397026062]}",97.21209621429443,06_06_2022
452,82a6c252-9692-4760-95ac-5b7a71d7efba,200,"{'rois': [[1437, 194, 1602, 604]], 'class_ids': [1], 'scores': [0.993463397026062]}",97.32914805412292,06_06_2022
148,73a03e52-72cc-43b5-9ae3-da6748c73af6,200,"{'rois': [[1437, 194, 1602, 604]], 'class_ids': [1], 'scores': [0.993463397026062]}",97.83884787559509,06_06_2022
220,6499328e-77ec-4bd5-aa8d-9cd077d6271d,200,"{'rois': [[1437, 194, 1602, 604]], 'class_ids': [1], 'scores': [0.993463397026062]}",97.7513153553009,06_06_2022
248,86cb61d6-19c9-4d08-8e7f-e260ff495ec2,200,"{'rois': [[1437, 194, 1602, 604]], 'class_ids': [1], 'scores': [0.993463397026062]}",97.82701444625854,06_06_2022
118,a496927a-914e-498d-a284-ed67b64377b8,200,"{'rois': [[1437, 194, 1602, 604]], 'class_ids': [1], 'scores': [0.993463397026062]}",98.17122769355774,06_06_2022
188,4960a66e-e01a-4f3b-a2a0-445bd418f8ec,200,"{'rois': [[1437, 194, 1602, 604]], 'class_ids': [1], 'scores': [0.993463397026062]}",97.9962797164917,06_06_2022
498,09b66a22-f43e-415c-9ca6-e90158ff1f14,200,"{'rois': [[1437, 194, 1602, 604]], 'class_ids': [1], 'scores': [0.993463397026062]}",97.77008962631226,06_06_2022
116,759f7f4b-73f8-41e3-9d56-f5582b60334f,200,"{'rois': [[1437, 194, 1602, 604]], 'class_ids': [1], 'scores': [0.993463397026062]}",98.43379235267639,06_06_2022
193,2a75a1b9-fb57-4445-8a5c-f3f5708be8f5,200,"{'rois': [[1437, 194, 1602, 604]], 'class_ids': [1], 'scores': [0.993463397026062]}",98.22404670715332,06_06_2022
40,1d767ec3-aa25-4615-88fe-7684fcc06414,200,"{'rois': [[1437, 194, 1602, 604]], 'class_ids': [1], 'scores': [0.993463397026062]}",98.76738452911377,06_06_2022
433,86c2a731-7c03-4eef-b153-df6f10e6a45f,200,"{'rois': [[1437, 194, 1602, 604]], 'class_ids': [1], 'scores': [0.993463397026062]}",98.03949999809265,06_06_2022
497,3f55c4a2-2a48-4f66-80c3-3f8415b2e52b,200,"{'rois': [[1437, 194, 1602, 604]], 'class_ids': [1], 'scores': [0.993463397026062]}",98.08006644248962,06_06_2022
364,fbeb7735-664d-4a53-9909-91298db8237f,200,"{'rois': [[1437, 194, 1602, 604]], 'class_ids': [1], 'scores': [0.993463397026062]}",98.22866821289062,06_06_2022
388,9d0de6bc-1959-425b-8f0a-a4c07712be89,200,"{'rois': [[1437, 194, 1602, 604]], 'class_ids': [1], 'scores': [0.993463397026062]}",98.27997016906738,06_06_2022
316,12fe6b65-5758-400e-8d73-e854aeb8a543,200,"{'rois': [[1437, 194, 1602, 604]], 'class_ids': [1], 'scores': [0.993463397026062]}",99.02224707603455,06_06_2022
479,c0805c89-e7f2-46fc-bf64-1b7059215f0e,200,"{'rois': [[1437, 194, 1602, 604]], 'class_ids': [1], 'scores': [0.993463397026062]}",98.91262412071228,06_06_2022
228,8eda376b-4d66-4bcb-825e-9a6cf44a469b,200,"{'rois': [[1437, 194, 1602, 604]], 'class_ids': [1], 'scores': [0.993463397026062]}",99.19854140281677,06_06_2022
49,1259e890-15c8-4e4e-a315-3779178dff60,200,"{'rois': [[1437, 194, 1602, 604]], 'class_ids': [1], 'scores': [0.993463397026062]}",99.82804942131042,06_06_2022
490,9cb8c811-a5cd-494b-a443-6179fc508f58,200,"{'rois': [[1437, 194, 1602, 604]], 'class_ids': [1], 'scores': [0.993463397026062]}",99.1034471988678,06_06_2022
379,e06d3302-dd7f-4d8c-bbcf-05d3ba4879e5,200,"{'rois': [[1437, 194, 1602, 604]], 'class_ids': [1], 'scores': [0.993463397026062]}",99.36489272117615,06_06_2022
481,af5543c6-0098-490c-9f76-75fc05579277,200,"{'rois': [[1437, 194, 1602, 604]], 'class_ids': [1], 'scores': [0.993463397026062]}",99.29894804954529,06_06_2022
424,a802630b-d64e-40fe-9f8e-2f60199461b9,200,"{'rois': [[1437, 194, 1602, 604]], 'class_ids': [1], 'scores': [0.993463397026062]}",99.56542420387268,06_06_2022
93,6282725d-d7e6-4833-8360-867ebdf94441,200,"{'rois': [[1437, 194, 1602, 604]], 'class_ids': [1], 'scores': [0.993463397026062]}",100.24949240684509,06_06_2022
312,ba067322-6fd9-4fde-8ea4-4b9dc92586e4,200,"{'rois': [[1437, 194, 1602, 604]], 'class_ids': [1], 'scores': [0.993463397026062]}",99.99641823768616,06_06_2022
221,ff52f1a6-9836-4132-a46e-81b1763c7bab,200,"{'rois': [[1437, 194, 1602, 604]], 'class_ids': [1], 'scores': [0.993463397026062]}",100.1454815864563,06_06_2022
172,a8d037c6-1820-4cf8-a244-d6e4c992cfe9,200,"{'rois': [[1437, 194, 1602, 604]], 'class_ids': [1], 'scores': [0.993463397026062]}",100.34820008277893,06_06_2022
282,448d070e-33e4-489e-99c8-34b26e67262f,200,"{'rois': [[1437, 194, 1602, 604]], 'class_ids': [1], 'scores': [0.993463397026062]}",100.42662143707275,06_06_2022
222,4b156930-2f26-4e0e-b1e4-e35a3badad45,200,"{'rois': [[1437, 194, 1602, 604]], 'class_ids': [1], 'scores': [0.993463397026062]}",100.57435750961304,06_06_2022
253,63923b0f-c253-41b6-be80-007530d47dd0,200,"{'rois': [[1437, 194, 1602, 604]], 'class_ids': [1], 'scores': [0.993463397026062]}",100.62761545181274,06_06_2022
95,384982d8-630a-4d5c-aba8-9384d8bb5122,200,"{'rois': [[1437, 194, 1602, 604]], 'class_ids': [1], 'scores': [0.993463397026062]}",101.12622356414795,06_06_2022
391,9c6b1c11-764e-4f4b-8340-685c79e33d0d,200,"{'rois': [[1437, 194, 1602, 604]], 'class_ids': [1], 'scores': [0.993463397026062]}",100.55745887756348,06_06_2022
284,c3b63962-96c9-477e-951d-e5093226ef22,200,"{'rois': [[1437, 194, 1602, 604]], 'class_ids': [1], 'scores': [0.993463397026062]}",100.68229579925537,06_06_2022
106,f1139a5d-898c-4998-8bb0-d592a46ec881,200,"{'rois': [[1437, 194, 1602, 604]], 'class_ids': [1], 'scores': [0.993463397026062]}",101.07971572875977,06_06_2022
466,9ed1e548-2f66-40e9-a873-b09bafa44039,200,"{'rois': [[1437, 194, 1602, 604]], 'class_ids': [1], 'scores': [0.993463397026062]}",100.60438323020935,06_06_2022
289,063f5c16-a0c8-4960-932b-d396f83700f6,200,"{'rois': [[1437, 194, 1602, 604]], 'class_ids': [1], 'scores': [0.993463397026062]}",100.922602891922,06_06_2022
55,4d9b8127-984b-4a67-a8d4-1c352e8e937f,200,"{'rois': [[1437, 194, 1602, 604]], 'class_ids': [1], 'scores': [0.993463397026062]}",101.52095651626587,06_06_2022
87,74a41e9d-f278-42cb-b5cf-efbfa12c015f,200,"{'rois': [[1437, 194, 1602, 604]], 'class_ids': [1], 'scores': [0.993463397026062]}",101.49781656265259,06_06_2022
233,20cc1537-727f-4125-96bf-dd551a72b436,200,"{'rois': [[1437, 194, 1602, 604]], 'class_ids': [1], 'scores': [0.993463397026062]}",101.03428745269775,06_06_2022
183,bd213ee8-c9ef-49c8-bb20-4b4032d4a876,200,"{'rois': [[1437, 194, 1602, 604]], 'class_ids': [1], 'scores': [0.993463397026062]}",101.13622379302979,06_06_2022
230,3fd9f13e-cfd1-4715-a37f-848623991493,200,"{'rois': [[1437, 194, 1602, 604]], 'class_ids': [1], 'scores': [0.993463397026062]}",101.06681609153748,06_06_2022
234,ce3a38ee-a92b-48f9-b06f-858113debe28,200,"{'rois': [[1437, 194, 1602, 604]], 'class_ids': [1], 'scores': [0.993463397026062]}",101.21768403053284,06_06_2022
382,31b97188-f27a-4952-9cfc-2b8301debc45,200,"{'rois': [[1437, 194, 1602, 604]], 'class_ids': [1], 'scores': [0.993463397026062]}",101.13018274307251,06_06_2022
257,2362b3c8-0358-4aef-ab72-442284320b18,200,"{'rois': [[1437, 194, 1602, 604]], 'class_ids': [1], 'scores': [0.993463397026062]}",101.26238083839417,06_06_2022
327,7befb93b-db4a-4be7-b076-eaf1c19a36a5,200,"{'rois': [[1437, 194, 1602, 604]], 'class_ids': [1], 'scores': [0.993463397026062]}",101.22576808929443,06_06_2022
161,b5fa8d61-30c5-495b-8782-76441a9864a2,200,"{'rois': [[1437, 194, 1602, 604]], 'class_ids': [1], 'scores': [0.993463397026062]}",101.61202645301819,06_06_2022
213,9161fe66-1596-4214-bf77-9fde7075a7c2,200,"{'rois': [[1437, 194, 1602, 604]], 'class_ids': [1], 'scores': [0.993463397026062]}",101.38127613067627,06_06_2022
296,f13f5b3f-2b76-4642-86c4-5a0e1c1efd37,200,"{'rois': [[1437, 194, 1602, 604]], 'class_ids': [1], 'scores': [0.993463397026062]}",101.33578848838806,06_06_2022
203,a5157bc0-87ca-4b40-ba87-74464ad93fb8,200,"{'rois': [[1437, 194, 1602, 604]], 'class_ids': [1], 'scores': [0.993463397026062]}",101.59536600112915,06_06_2022
156,e0c0c6c1-b72b-44d6-b94f-1e1120ef7a49,200,"{'rois': [[1437, 194, 1602, 604]], 'class_ids': [1], 'scores': [0.993463397026062]}",101.90496397018433,06_06_2022
252,00eacae6-ec6a-4c65-ba0d-f2a2eec52fea,200,"{'rois': [[1437, 194, 1602, 604]], 'class_ids': [1], 'scores': [0.993463397026062]}",101.74486637115479,06_06_2022
458,8233ebed-eb42-4901-bf69-d2094ed13242,200,"{'rois': [[1437, 194, 1602, 604]], 'class_ids': [1], 'scores': [0.993463397026062]}",101.55105471611023,06_06_2022
84,f1e66ead-b39c-495f-b9aa-40ef5a73d5be,200,"{'rois': [[1437, 194, 1602, 604]], 'class_ids': [1], 'scores': [0.993463397026062]}",102.53369641304016,06_06_2022
397,8e5dcba9-8286-471f-bac1-7723f409a18f,200,"{'rois': [[1437, 194, 1602, 604]], 'class_ids': [1], 'scores': [0.993463397026062]}",101.96813416481018,06_06_2022
290,9f1f91f6-a23d-4851-a358-fdb0be8c19a6,200,"{'rois': [[1437, 194, 1602, 604]], 'class_ids': [1], 'scores': [0.993463397026062]}",102.11585807800293,06_06_2022
427,016e0e8f-e977-4a61-b06d-c22d6275e1cb,200,"{'rois': [[1437, 194, 1602, 604]], 'class_ids': [1], 'scores': [0.993463397026062]}",102.04874324798584,06_06_2022
147,1b0d1567-12da-4c65-b370-784e3a6190f1,200,"{'rois': [[1437, 194, 1602, 604]], 'class_ids': [1], 'scores': [0.993463397026062]}",102.52987837791443,06_06_2022
406,566bdd6d-c5af-447a-9f6d-49111827aa98,200,"{'rois': [[1437, 194, 1602, 604]], 'class_ids': [1], 'scores': [0.993463397026062]}",102.21150398254395,06_06_2022
73,0a64f6b6-fc11-4e7e-99be-37c251ecd4a2,200,"{'rois': [[1437, 194, 1602, 604]], 'class_ids': [1], 'scores': [0.993463397026062]}",103.01494812965393,06_06_2022
176,3479918e-0a35-4563-9266-754d886eaf28,200,"{'rois': [[1437, 194, 1602, 604]], 'class_ids': [1], 'scores': [0.993463397026062]}",102.69355082511902,06_06_2022
425,e97b8e45-d523-41f1-88d6-50a8cf3c7a58,200,"{'rois': [[1437, 194, 1602, 604]], 'class_ids': [1], 'scores': [0.993463397026062]}",102.42007875442505,06_06_2022
372,1763f1f2-d6dc-40dd-8c2c-72569c491f62,200,"{'rois': [[1437, 194, 1602, 604]], 'class_ids': [1], 'scores': [0.993463397026062]}",102.51750230789185,06_06_2022
448,f4f94a9b-5b70-49d7-bae0-db59b50d8e0c,200,"{'rois': [[1437, 194, 1602, 604]], 'class_ids': [1], 'scores': [0.993463397026062]}",102.67372512817383,06_06_2022
285,7471d97c-bd55-4274-9d96-39e85f64a92a,200,"{'rois': [[1437, 194, 1602, 604]], 'class_ids': [1], 'scores': [0.993463397026062]}",102.87120652198792,06_06_2022
449,e87f0d86-08ae-45e5-b1e1-979e08b560d7,200,"{'rois': [[1437, 194, 1602, 604]], 'class_ids': [1], 'scores': [0.993463397026062]}",102.72146153450012,06_06_2022
395,dd9a1380-78d9-4410-9144-58c700fb3803,200,"{'rois': [[1437, 194, 1602, 604]], 'class_ids': [1], 'scores': [0.993463397026062]}",102.79038548469543,06_06_2022
446,5f7959db-5b11-4217-bb4c-65ea3bbab1df,200,"{'rois': [[1437, 194, 1602, 604]], 'class_ids': [1], 'scores': [0.993463397026062]}",102.9029529094696,06_06_2022
361,2e6139f0-e67f-4008-8077-51a122a0ceb5,200,"{'rois': [[1437, 194, 1602, 604]], 'class_ids': [1], 'scores': [0.993463397026062]}",103.10021543502808,06_06_2022
488,52866716-378d-4e3f-8199-27ce733b5a51,200,"{'rois': [[1437, 194, 1602, 604]], 'class_ids': [1], 'scores': [0.993463397026062]}",103.01895308494568,06_06_2022
219,a5785d8f-8ec6-4d2f-9055-82ef16c082a1,200,"{'rois': [[1437, 194, 1602, 604]], 'class_ids': [1], 'scores': [0.993463397026062]}",103.37300896644592,06_06_2022
175,7ee30117-5a9f-4ea3-b767-6b2478da34dc,200,"{'rois': [[1437, 194, 1602, 604]], 'class_ids': [1], 'scores': [0.993463397026062]}",103.57789373397827,06_06_2022
214,23e4cc4c-8a9f-410f-84b4-05a44251efdb,200,"{'rois': [[1437, 194, 1602, 604]], 'class_ids': [1], 'scores': [0.993463397026062]}",103.50876951217651,06_06_2022
60,6ea9ac7e-ed25-4beb-a76e-51bcbefa6431,200,"{'rois': [[1437, 194, 1602, 604]], 'class_ids': [1], 'scores': [0.993463397026062]}",104.04866313934326,06_06_2022
266,046635c8-c29e-42e2-8ad8-f3fa35110b68,200,"{'rois': [[1437, 194, 1602, 604]], 'class_ids': [1], 'scores': [0.993463397026062]}",103.67235708236694,06_06_2022
398,b20352ce-c0c3-43c4-88e2-19b14f4e1c88,200,"{'rois': [[1437, 194, 1602, 604]], 'class_ids': [1], 'scores': [0.993463397026062]}",103.76922178268433,06_06_2022
332,2289ae78-1d16-4c6a-b095-180ecc3b9032,200,"{'rois': [[1437, 194, 1602, 604]], 'class_ids': [1], 'scores': [0.993463397026062]}",104.04975366592407,06_06_2022
250,efba2cd1-cbeb-4e1a-857f-7e183ff38a98,200,"{'rois': [[1437, 194, 1602, 604]], 'class_ids': [1], 'scores': [0.993463397026062]}",104.15118217468262,06_06_2022
162,0d8d9d30-1b54-4839-982f-707b3c865fb1,200,"{'rois': [[1437, 194, 1602, 604]], 'class_ids': [1], 'scores': [0.993463397026062]}",104.43603372573853,06_06_2022
117,4f40009f-6d89-4b3c-b2cb-3b1071eb1401,200,"{'rois': [[1437, 194, 1602, 604]], 'class_ids': [1], 'scores': [0.993463397026062]}",104.54867243766785,06_06_2022
431,a2f1f468-7083-4ccb-aca2-de311a85b04f,200,"{'rois': [[1437, 194, 1602, 604]], 'class_ids': [1], 'scores': [0.993463397026062]}",104.06338119506836,06_06_2022
387,71cd6bcd-6dc6-431a-96d7-7393a22bfa7e,200,"{'rois': [[1437, 194, 1602, 604]], 'class_ids': [1], 'scores': [0.993463397026062]}",104.12764286994934,06_06_2022
125,11042126-0fbb-497c-ae3c-a2414b9a29d3,200,"{'rois': [[1437, 194, 1602, 604]], 'class_ids': [1], 'scores': [0.993463397026062]}",104.6132299900055,06_06_2022
65,60fb0578-c440-43f4-a0af-2a7ecb5f023a,200,"{'rois': [[1437, 194, 1602, 604]], 'class_ids': [1], 'scores': [0.993463397026062]}",104.84818601608276,06_06_2022
186,21b7e72f-142e-49a4-a8b2-bbdd053d87d9,200,"{'rois': [[1437, 194, 1602, 604]], 'class_ids': [1], 'scores': [0.993463397026062]}",104.46102213859558,06_06_2022
380,e64bcaf0-742d-4636-9ce0-5f4798c3e29e,200,"{'rois': [[1437, 194, 1602, 604]], 'class_ids': [1], 'scores': [0.993463397026062]}",104.33962678909302,06_06_2022
210,3d671e14-e1ad-4eb4-aa16-2a8f85ae8a1b,200,"{'rois': [[1437, 194, 1602, 604]], 'class_ids': [1], 'scores': [0.993463397026062]}",104.74327969551086,06_06_2022
194,2e6b2a5b-1b6d-4218-864a-d7a0328081e7,200,"{'rois': [[1437, 194, 1602, 604]], 'class_ids': [1], 'scores': [0.993463397026062]}",104.85142254829407,06_06_2022
341,b143267d-6fff-4b24-b409-7cf4347dee31,200,"{'rois': [[1437, 194, 1602, 604]], 'class_ids': [1], 'scores': [0.993463397026062]}",104.70334124565125,06_06_2022
278,c2a008aa-2991-4a81-9a36-6d12bd2d7ab9,200,"{'rois': [[1437, 194, 1602, 604]], 'class_ids': [1], 'scores': [0.993463397026062]}",104.9659035205841,06_06_2022
114,c98e40c6-360e-4827-bccd-0f11a7ed406c,200,"{'rois': [[1437, 194, 1602, 604]], 'class_ids': [1], 'scores': [0.993463397026062]}",105.40602445602417,06_06_2022
279,ea0e4818-4b21-4114-b0dd-cd0f546d57ea,200,"{'rois': [[1437, 194, 1602, 604]], 'class_ids': [1], 'scores': [0.993463397026062]}",105.10086369514465,06_06_2022
247,772f6a4d-2bdb-412f-b853-e21d597db44b,200,"{'rois': [[1437, 194, 1602, 604]], 'class_ids': [1], 'scores': [0.993463397026062]}",105.15116548538208,06_06_2022
34,fd05b028-8476-4ec8-be17-e4d25def8c99,200,"{'rois': [[1437, 194, 1602, 604]], 'class_ids': [1], 'scores': [0.993463397026062]}",105.73387026786804,06_06_2022
204,b9faf879-dd4d-4d11-b343-f058daa12565,200,"{'rois': [[1437, 194, 1602, 604]], 'class_ids': [1], 'scores': [0.993463397026062]}",105.23677039146423,06_06_2022
336,5a53099c-604c-4388-9bed-ca24beee3bfe,200,"{'rois': [[1437, 194, 1602, 604]], 'class_ids': [1], 'scores': [0.993463397026062]}",105.11359000205994,06_06_2022
70,b6dcaa88-e123-40ac-b525-e68bd0ba7854,200,"{'rois': [[1437, 194, 1602, 604]], 'class_ids': [1], 'scores': [0.993463397026062]}",105.73097348213196,06_06_2022
142,14681086-3a90-4602-a463-397ac3c6dfda,200,"{'rois': [[1437, 194, 1602, 604]], 'class_ids': [1], 'scores': [0.993463397026062]}",105.54683327674866,06_06_2022
412,04bd3fdb-e071-49d2-87fa-a4182d42a8fa,200,"{'rois': [[1437, 194, 1602, 604]], 'class_ids': [1], 'scores': [0.993463397026062]}",105.13397431373596,06_06_2022
74,e8c4b6fd-d7c9-4c91-a0a1-5c689c166315,200,"{'rois': [[1437, 194, 1602, 604]], 'class_ids': [1], 'scores': [0.993463397026062]}",105.8346655368805,06_06_2022
66,8e1da4c5-3b6e-4d8d-a885-13bc9c35aa0e,200,"{'rois': [[1437, 194, 1602, 604]], 'class_ids': [1], 'scores': [0.993463397026062]}",105.86024689674377,06_06_2022
120,1a2b057e-9a22-472a-9e6c-8f0868cad09f,200,"{'rois': [[1437, 194, 1602, 604]], 'class_ids': [1], 'scores': [0.993463397026062]}",105.73143458366394,06_06_2022
159,654b4dc4-bbcc-42a8-905b-374e4805926f,200,"{'rois': [[1437, 194, 1602, 604]], 'class_ids': [1], 'scores': [0.993463397026062]}",105.70577907562256,06_06_2022
191,0694f3bb-2abb-444c-96dc-d4a18d47d990,200,"{'rois': [[1437, 194, 1602, 604]], 'class_ids': [1], 'scores': [0.993463397026062]}",105.50225615501404,06_06_2022
362,85d88830-27aa-4de7-a450-6c0d62cf2b81,200,"{'rois': [[1437, 194, 1602, 604]], 'class_ids': [1], 'scores': [0.993463397026062]}",105.42560887336731,06_06_2022
223,61213b38-1323-4b6d-9b67-bc4cde4095fb,200,"{'rois': [[1437, 194, 1602, 604]], 'class_ids': [1], 'scores': [0.993463397026062]}",105.58028483390808,06_06_2022
456,31e95e8d-8217-4ce8-bf61-c955d8aaac20,200,"{'rois': [[1437, 194, 1602, 604]], 'class_ids': [1], 'scores': [0.993463397026062]}",105.36033272743225,06_06_2022
190,617927de-08c8-4350-b52c-d97ff49ad5b1,200,"{'rois': [[1437, 194, 1602, 604]], 'class_ids': [1], 'scores': [0.993463397026062]}",105.71145057678223,06_06_2022
56,932e4a4a-67f5-4d38-90b7-f7a7c8d4ba57,200,"{'rois': [[1437, 194, 1602, 604]], 'class_ids': [1], 'scores': [0.993463397026062]}",106.27088284492493,06_06_2022
462,897d2289-99cf-4f92-919d-92320c2db690,200,"{'rois': [[1437, 194, 1602, 604]], 'class_ids': [1], 'scores': [0.993463397026062]}",105.58616471290588,06_06_2022
267,90e048a7-f3a1-4738-bc7f-fcbc7b939049,200,"{'rois': [[1437, 194, 1602, 604]], 'class_ids': [1], 'scores': [0.993463397026062]}",106.29718089103699,06_06_2022
272,2213a50c-9e6c-4f27-94bb-2b499e52bf98,200,"{'rois': [[1437, 194, 1602, 604]], 'class_ids': [1], 'scores': [0.993463397026062]}",106.49110746383667,06_06_2022
242,dfbcd471-1b52-484e-8bb7-e5edd7d0a27f,200,"{'rois': [[1437, 194, 1602, 604]], 'class_ids': [1], 'scores': [0.993463397026062]}",106.69129467010498,06_06_2022
482,415888bf-c02d-4a27-9195-6e49e56cefa3,200,"{'rois': [[1437, 194, 1602, 604]], 'class_ids': [1], 'scores': [0.993463397026062]}",106.55170726776123,06_06_2022
121,37ca23bb-b6ef-45d8-9e0b-8f2179d65e6e,200,"{'rois': [[1437, 194, 1602, 604]], 'class_ids': [1], 'scores': [0.993463397026062]}",107.57351112365723,06_06_2022
244,c0e966d9-0d0a-4fb4-8dc4-29829575012d,200,"{'rois': [[1437, 194, 1602, 604]], 'class_ids': [1], 'scores': [0.993463397026062]}",107.59939575195312,06_06_2022
243,abba722a-be6e-4462-aaa9-cf903199a0e9,200,"{'rois': [[1437, 194, 1602, 604]], 'class_ids': [1], 'scores': [0.993463397026062]}",107.7775559425354,06_06_2022
384,cd4b1595-a1e9-446d-9dd3-cac2b483994e,200,"{'rois': [[1437, 194, 1602, 604]], 'class_ids': [1], 'scores': [0.993463397026062]}",107.73217511177063,06_06_2022
297,adb7c106-b6a5-4362-a05c-384f7c6f6748,200,"{'rois': [[1437, 194, 1602, 604]], 'class_ids': [1], 'scores': [0.993463397026062]}",108.05479788780212,06_06_2022
208,6dcbbb39-a4dd-4d1b-9f4b-df6ab5faf808,200,"{'rois': [[1437, 194, 1602, 604]], 'class_ids': [1], 'scores': [0.993463397026062]}",108.22777104377747,06_06_2022
32,48d57f39-b798-4db2-b261-d89c38c0e39c,200,"{'rois': [[1437, 194, 1602, 604]], 'class_ids': [1], 'scores': [0.993463397026062]}",108.76522254943848,06_06_2022
199,d0842117-3675-41f9-938f-2f345bd6e883,200,"{'rois': [[1437, 194, 1602, 604]], 'class_ids': [1], 'scores': [0.993463397026062]}",108.27600073814392,06_06_2022
358,2bc6a73a-4ba7-46c1-ab74-9b534c2f1864,200,"{'rois': [[1437, 194, 1602, 604]], 'class_ids': [1], 'scores': [0.993463397026062]}",108.46150517463684,06_06_2022
438,91ca0933-ed63-4dfa-9e85-eb57e822b4f3,200,"{'rois': [[1437, 194, 1602, 604]], 'class_ids': [1], 'scores': [0.993463397026062]}",108.47991490364075,06_06_2022
451,650eb135-6bdd-44c6-a74d-ab295bc9c88f,200,"{'rois': [[1437, 194, 1602, 604]], 'class_ids': [1], 'scores': [0.993463397026062]}",108.60369515419006,06_06_2022
405,0e6c1da5-a5f6-4a1b-a7d9-5408202ca0ce,200,"{'rois': [[1437, 194, 1602, 604]], 'class_ids': [1], 'scores': [0.993463397026062]}",108.65573716163635,06_06_2022
89,986f88ce-8c28-4986-82f0-fac2bb597b70,200,"{'rois': [[1437, 194, 1602, 604]], 'class_ids': [1], 'scores': [0.993463397026062]}",109.53870749473572,06_06_2022
416,576869f0-2a0c-4884-9673-3a91494c3652,200,"{'rois': [[1437, 194, 1602, 604]], 'class_ids': [1], 'scores': [0.993463397026062]}",109.22866344451904,06_06_2022
201,9edaf6d9-d62e-40de-bcc2-a5ec72b2ce3a,200,"{'rois': [[1437, 194, 1602, 604]], 'class_ids': [1], 'scores': [0.993463397026062]}",109.45323753356934,06_06_2022
300,4e32c80f-3a9f-4fe2-aba8-2455c04b5f48,200,"{'rois': [[1437, 194, 1602, 604]], 'class_ids': [1], 'scores': [0.993463397026062]}",109.41010046005249,06_06_2022
58,f3f0ef78-6190-4211-8c72-c57b9dda82be,200,"{'rois': [[1437, 194, 1602, 604]], 'class_ids': [1], 'scores': [0.993463397026062]}",109.99712800979614,06_06_2022
483,26e28de2-7b22-498a-aec0-1bd0c534a702,200,"{'rois': [[1437, 194, 1602, 604]], 'class_ids': [1], 'scores': [0.993463397026062]}",109.30613446235657,06_06_2022
473,645bb1d5-ed2a-467e-b9f5-7852eedf8ed6,200,"{'rois': [[1437, 194, 1602, 604]], 'class_ids': [1], 'scores': [0.993463397026062]}",109.393239736557,06_06_2022
198,17c68a8d-b52d-4aa1-9129-f2186a732560,200,"{'rois': [[1437, 194, 1602, 604]], 'class_ids': [1], 'scores': [0.993463397026062]}",109.68448233604431,06_06_2022
206,420f1c49-f174-4e5d-9930-61edd65a62ff,200,"{'rois': [[1437, 194, 1602, 604]], 'class_ids': [1], 'scores': [0.993463397026062]}",109.78476572036743,06_06_2022
218,975df2d3-5d42-4276-9712-8c3f4505a422,200,"{'rois': [[1437, 194, 1602, 604]], 'class_ids': [1], 'scores': [0.993463397026062]}",109.84299302101135,06_06_2022
414,3acb2f3e-e9b2-4762-be85-c0301236d524,200,"{'rois': [[1437, 194, 1602, 604]], 'class_ids': [1], 'scores': [0.993463397026062]}",110.32978749275208,06_06_2022
415,dfd866a1-463d-4f0c-9f10-03fb64f985b2,200,"{'rois': [[1437, 194, 1602, 604]], 'class_ids': [1], 'scores': [0.993463397026062]}",113.29236197471619,06_06_2022
295,41b294eb-49b3-46fa-bd6b-37ba52c12476,200,"{'rois': [[1437, 194, 1602, 604]], 'class_ids': [1], 'scores': [0.993463397026062]}",113.61998009681702,06_06_2022
459,cfcccaf0-cead-4995-8e16-f92325266abb,200,"{'rois': [[1437, 194, 1602, 604]], 'class_ids': [1], 'scores': [0.993463397026062]}",113.77992033958435,06_06_2022
357,949d577b-d51f-40f1-ab1b-a45c20f905d7,200,"{'rois': [[1437, 194, 1602, 604]], 'class_ids': [1], 'scores': [0.993463397026062]}",113.89305853843689,06_06_2022
280,210ede81-2161-4c2f-8a19-f954495870f1,200,"{'rois': [[1437, 194, 1602, 604]], 'class_ids': [1], 'scores': [0.993463397026062]}",113.991290807724,06_06_2022
166,c90a63c5-5103-454d-ab1d-508cd36d6e26,200,"{'rois': [[1437, 194, 1602, 604]], 'class_ids': [1], 'scores': [0.993463397026062]}",114.29186654090881,06_06_2022
369,c93cf742-56e1-42ce-8013-342fb47ad387,200,"{'rois': [[1437, 194, 1602, 604]], 'class_ids': [1], 'scores': [0.993463397026062]}",114.19380950927734,06_06_2022
163,f46b99df-2a82-4ed7-bc1b-37d44fe1a5b6,200,"{'rois': [[1437, 194, 1602, 604]], 'class_ids': [1], 'scores': [0.993463397026062]}",114.6321485042572,06_06_2022
366,230a5d7f-bca4-4f56-8f4c-c4ae407db8d4,200,"{'rois': [[1437, 194, 1602, 604]], 'class_ids': [1], 'scores': [0.993463397026062]}",114.30760741233826,06_06_2022
212,6044195c-09c2-46bf-9c15-d624bcc7a253,200,"{'rois': [[1437, 194, 1602, 604]], 'class_ids': [1], 'scores': [0.993463397026062]}",114.51390504837036,06_06_2022
261,fa6e5f41-6f83-4ea9-9002-08d30d70f3c1,200,"{'rois': [[1437, 194, 1602, 604]], 'class_ids': [1], 'scores': [0.993463397026062]}",114.51431965827942,06_06_2022
322,d6d41a4b-836c-447a-b074-1eeb54a32e70,200,"{'rois': [[1437, 194, 1602, 604]], 'class_ids': [1], 'scores': [0.993463397026062]}",114.47001218795776,06_06_2022
309,3dbf9023-51c6-4c17-aa19-85e0d6151d45,200,"{'rois': [[1437, 194, 1602, 604]], 'class_ids': [1], 'scores': [0.993463397026062]}",114.5875632762909,06_06_2022
131,78b64f2d-5f96-4cb7-b0c6-84e20106383d,200,"{'rois': [[1437, 194, 1602, 604]], 'class_ids': [1], 'scores': [0.993463397026062]}",115.17324638366699,06_06_2022
334,94ad7a16-c7d6-49d0-987c-c9d9a4f7eae7,200,"{'rois': [[1437, 194, 1602, 604]], 'class_ids': [1], 'scores': [0.993463397026062]}",114.90133309364319,06_06_2022
343,f3376ca2-ed74-41e5-be06-d13d3d551b43,200,"{'rois': [[1437, 194, 1602, 604]], 'class_ids': [1], 'scores': [0.993463397026062]}",114.9163248538971,06_06_2022
432,7be7e8fb-882d-4ea9-940a-b1bb82e1c70f,200,"{'rois': [[1437, 194, 1602, 604]], 'class_ids': [1], 'scores': [0.993463397026062]}",114.83247518539429,06_06_2022
478,e8f4f551-08ba-4dfb-bb41-a7901118b62a,200,"{'rois': [[1437, 194, 1602, 604]], 'class_ids': [1], 'scores': [0.993463397026062]}",114.87927007675171,06_06_2022
276,14f02ddb-a45d-42aa-8ed2-b2acc3751baa,200,"{'rois': [[1437, 194, 1602, 604]], 'class_ids': [1], 'scores': [0.993463397026062]}",115.1293375492096,06_06_2022
100,8673f667-3035-4bd2-a85f-c0c41d1662cf,200,"{'rois': [[1437, 194, 1602, 604]], 'class_ids': [1], 'scores': [0.993463397026062]}",115.94522404670715,06_06_2022
69,48723144-f8e6-41d6-8b31-6206cc0c1fd9,200,"{'rois': [[1437, 194, 1602, 604]], 'class_ids': [1], 'scores': [0.993463397026062]}",116.12146210670471,06_06_2022
167,aac27dc0-aab1-4174-bb73-8fa5faf3017a,200,"{'rois': [[1437, 194, 1602, 604]], 'class_ids': [1], 'scores': [0.993463397026062]}",115.81466317176819,06_06_2022
409,a5aabccf-489b-4b0d-93db-4edcf6c00a0b,200,"{'rois': [[1437, 194, 1602, 604]], 'class_ids': [1], 'scores': [0.993463397026062]}",115.5981514453888,06_06_2022
485,b8e53705-5772-4e83-8694-1400c61900bc,200,"{'rois': [[1437, 194, 1602, 604]], 'class_ids': [1], 'scores': [0.993463397026062]}",115.83742427825928,06_06_2022
226,ebe3e8e7-14a7-44ca-8bec-1bf2d23bcfa5,200,"{'rois': [[1437, 194, 1602, 604]], 'class_ids': [1], 'scores': [0.993463397026062]}",116.21125531196594,06_06_2022
138,ab05fe35-82b9-4458-aa0e-93179b19dfbe,200,"{'rois': [[1437, 194, 1602, 604]], 'class_ids': [1], 'scores': [0.993463397026062]}",116.6073784828186,06_06_2022
259,e20ab28b-9600-40a8-8f85-fa1fe2cf7934,200,"{'rois': [[1437, 194, 1602, 604]], 'class_ids': [1], 'scores': [0.993463397026062]}",117.09578037261963,06_06_2022
245,d5a7b3a1-598c-40d7-b8c3-e273539ab03b,200,"{'rois': [[1437, 194, 1602, 604]], 'class_ids': [1], 'scores': [0.993463397026062]}",117.16950511932373,06_06_2022
68,0d84c2e6-308a-4383-a5a0-50116f91105a,200,"{'rois': [[1437, 194, 1602, 604]], 'class_ids': [1], 'scores': [0.993463397026062]}",117.68772196769714,06_06_2022
268,cb467c59-c1bc-4259-a83a-e5fd148f8317,200,"{'rois': [[1437, 194, 1602, 604]], 'class_ids': [1], 'scores': [0.993463397026062]}",117.18667531013489,06_06_2022
129,c614adbb-617a-465c-a571-928f8a862dd6,200,"{'rois': [[1437, 194, 1602, 604]], 'class_ids': [1], 'scores': [0.993463397026062]}",117.65459704399109,06_06_2022
91,9f142344-1cca-4cc2-9536-edc015be5724,200,"{'rois': [[1437, 194, 1602, 604]], 'class_ids': [1], 'scores': [0.993463397026062]}",117.90372586250305,06_06_2022
453,70c7efb0-4fe2-4015-892d-282232d7a1e6,200,"{'rois': [[1437, 194, 1602, 604]], 'class_ids': [1], 'scores': [0.993463397026062]}",117.3055636882782,06_06_2022
371,ecb1e8d9-9385-421b-9367-5d6ebd2f523b,200,"{'rois': [[1437, 194, 1602, 604]], 'class_ids': [1], 'scores': [0.993463397026062]}",117.39171171188354,06_06_2022
236,4bfa5070-ad06-4079-b191-d32d45f4b361,200,"{'rois': [[1437, 194, 1602, 604]], 'class_ids': [1], 'scores': [0.993463397026062]}",117.55924248695374,06_06_2022
48,0f6f2c38-57e3-4e99-8d00-d18e6ffa6a36,200,"{'rois': [[1437, 194, 1602, 604]], 'class_ids': [1], 'scores': [0.993463397026062]}",119.56571507453918,06_06_2022
321,2fdfbd43-f763-4ee5-bdea-7681e91a6934,200,"{'rois': [[1437, 194, 1602, 604]], 'class_ids': [1], 'scores': [0.993463397026062]}",118.99205183982849,06_06_2022
258,96d99fe9-8772-46ef-8296-a9ed71f61cb3,200,"{'rois': [[1437, 194, 1602, 604]], 'class_ids': [1], 'scores': [0.993463397026062]}",119.15189361572266,06_06_2022
374,430c721c-1c8d-4fa8-8c18-21393dacc4e4,200,"{'rois': [[1437, 194, 1602, 604]], 'class_ids': [1], 'scores': [0.993463397026062]}",119.06061124801636,06_06_2022
85,1b0dcb64-4d15-491c-b9bd-5810e334f930,200,"{'rois': [[1437, 194, 1602, 604]], 'class_ids': [1], 'scores': [0.993463397026062]}",120.020254611969,06_06_2022
80,aa2d5cd2-0c58-49e8-bc19-eb0915155d0c,200,"{'rois': [[1437, 194, 1602, 604]], 'class_ids': [1], 'scores': [0.993463397026062]}",120.1728584766388,06_06_2022
489,d314d8ec-3a91-4067-8455-6fafa3d48f69,200,"{'rois': [[1437, 194, 1602, 604]], 'class_ids': [1], 'scores': [0.993463397026062]}",119.49812054634094,06_06_2022
155,e4fe3596-0520-498a-b7d0-d64da520ae92,200,"{'rois': [[1437, 194, 1602, 604]], 'class_ids': [1], 'scores': [0.993463397026062]}",120.067706823349,06_06_2022
260,fc62c653-7c10-4ccf-9071-798807f4e2dd,200,"{'rois': [[1437, 194, 1602, 604]], 'class_ids': [1], 'scores': [0.993463397026062]}",119.80125737190247,06_06_2022
375,61083141-3708-4e65-9344-ef382618d99f,200,"{'rois': [[1437, 194, 1602, 604]], 'class_ids': [1], 'scores': [0.993463397026062]}",119.74775075912476,06_06_2022
350,cc8bf69f-cd50-4cbd-979f-f29f619db0e7,200,"{'rois': [[1437, 194, 1602, 604]], 'class_ids': [1], 'scores': [0.993463397026062]}",119.82280898094177,06_06_2022
157,0f18e0f7-3938-4bc2-85f4-1a97a40466fe,200,"{'rois': [[1437, 194, 1602, 604]], 'class_ids': [1], 'scores': [0.993463397026062]}",120.46623277664185,06_06_2022
207,f753ad46-60a0-40d3-9c52-c229f73a0584,200,"{'rois': [[1437, 194, 1602, 604]], 'class_ids': [1], 'scores': [0.993463397026062]}",120.5032365322113,06_06_2022
330,7ad77c68-9eeb-47dd-9831-3dce8c4412b5,200,"{'rois': [[1437, 194, 1602, 604]], 'class_ids': [1], 'scores': [0.993463397026062]}",120.49567985534668,06_06_2022
112,5e02dee9-d4ab-4a56-b479-941b13b0152c,200,"{'rois': [[1437, 194, 1602, 604]], 'class_ids': [1], 'scores': [0.993463397026062]}",121.19360780715942,06_06_2022
113,9db67c59-cfdd-4d21-9d7a-f42bf8bee977,200,"{'rois': [[1437, 194, 1602, 604]], 'class_ids': [1], 'scores': [0.993463397026062]}",121.81793785095215,06_06_2022
